id,acc_user,acc_asset,nam_asset,amt_trans,tye_flow,dte_trans,tme_trans,acc_asset_related,nam_asset_related,cod_trans_type,txt_trans_type,txt_trans_type_sub,txt_remark
1,lxnkf54X,,农业银行 漂亮妈妈 9132,23.36,,20201228,,,,,餐饮,,
2,lxnkf54X,,农业银行 漂亮妈妈 9132,50.0,,20201228,,,,,交通,,
3,lxnkf54X,,农业银行 漂亮妈妈 9132,6.8,,20201228,,,,,餐饮,,
4,lxnkf54X,,农业银行 漂亮妈妈 9132,22.36,,20201227,,,,,餐饮,,
5,lxnkf54X,,微信钱包 HAN-MC,26.6,,20201227,,,,,餐饮,,
6,lxnkf54X,,微信钱包 HAN-MC,47.6,,20201227,,,,,餐饮,,
7,lxnkf54X,,农业银行 漂亮妈妈 9132,97.0,,20201227,,,,,餐饮,,
8,lxnkf54X,,农业银行 漂亮妈妈 9132,166.0,,20201227,,,,,娱乐,,
9,lxnkf54X,,农业银行 漂亮妈妈 9132,336.0,,20201227,,,,,娱乐,,
10,lxnkf54X,,支付宝 韩梦成呀,190.0,,20201226,,,,,餐饮,,
11,lxnkf54X,,农业银行 漂亮妈妈 9132,59.0,,20201226,,,,,餐饮,,
12,lxnkf54X,,农业银行 漂亮妈妈 9132,1079.0,,20201226,,,,,餐饮,,
13,lxnkf54X,,农业银行 漂亮妈妈 9132,38.0,,20201226,,,,,餐饮,,
14,lxnkf54X,,农业银行 漂亮妈妈 9132,20.2,,20201226,,,,,餐饮,,
15,lxnkf54X,,农业银行 漂亮妈妈 9132,19.2,,20201225,,,,,餐饮,,
16,lxnkf54X,,支付宝 韩梦成呀,12.0,,20201225,,,,,日常琐碎,快递,
17,lxnkf54X,,农业银行 漂亮妈妈 9132,30.8,,20201224,,,,,餐饮,,
18,lxnkf54X,,微信钱包 HAN-MC,12.0,,20201224,,,,,餐饮,,
19,lxnkf54X,,农业银行 漂亮妈妈 9132,17.4,,20201223,,,,,餐饮,,
20,lxnkf54X,,农业银行 漂亮妈妈 9132,214.0,,20201223,,,,,交通,,
21,lxnkf54X,,农业银行 漂亮妈妈 9132,25.0,,20201223,,,,,餐饮,,
22,lxnkf54X,,农业银行 漂亮妈妈 9132,1.5,,20201223,,,,,交通,,
23,lxnkf54X,,农业银行 漂亮妈妈 9132,17.28,,20201222,,,,,餐饮,,
24,lxnkf54X,,微信钱包 HAN-MC,30.0,,20201222,,,,,人情,,
25,lxnkf54X,,农业银行 漂亮妈妈 9132,50.0,,20201222,,,,,交通,,
26,lxnkf54X,,民生银行 精英白金 8069,99.8,,20201221,,,,,通讯,,
27,lxnkf54X,,农业银行 漂亮妈妈 9132,21.78,,20201221,,,,,餐饮,,
28,lxnkf54X,,微信钱包 HAN-MC,8.88,,20201221,,,,,交通,,
29,lxnkf54X,,农业银行 漂亮妈妈 9132,17.78,,20201220,,,,,餐饮,,
30,lxnkf54X,,农业银行 漂亮妈妈 9132,29.9,,20201220,,,,,餐饮,,
31,lxnkf54X,,农业银行 漂亮妈妈 9132,31.4,,20201219,,,,,餐饮,,
32,lxnkf54X,,民生银行 精英白金 8069,42.9,,20201218,,,,,餐饮,,
33,lxnkf54X,,农业银行 漂亮妈妈 9132,31.89,,20201218,,,,,餐饮,,
34,lxnkf54X,,农业银行 漂亮妈妈 9132,3.0,,20201218,,,,,文教,,
35,lxnkf54X,,农业银行 漂亮妈妈 9132,5.0,,20201218,,,,,娱乐,AppleMusic,
36,lxnkf54X,,农业银行 漂亮妈妈 9132,16.5,,20201217,,,,,餐饮,,
37,lxnkf54X,,农业银行 漂亮妈妈 9132,39.9,,20201216,,,,,住房,,
38,lxnkf54X,,农业银行 漂亮妈妈 9132,2770.0,,20201216,,,,,购物,鞋服,
39,lxnkf54X,,农业银行 漂亮妈妈 9132,19.2,,20201216,,,,,餐饮,,
40,lxnkf54X,,农业银行 漂亮妈妈 9132,34.29,,20201215,,,,,交通,,
41,lxnkf54X,,农业银行 漂亮妈妈 9132,18.4,,20201215,,,,,餐饮,,
42,lxnkf54X,,农业银行 漂亮妈妈 9132,10.17,,20201215,,,,,购物,鞋服,
43,lxnkf54X,,微信钱包 HAN-MC,200.0,,20201215,,,,,人情,,
44,lxnkf54X,,农业银行 漂亮妈妈 9132,19.6,,20201214,,,,,餐饮,,
45,lxnkf54X,,招商银行 星座卡 7296,26.99,,20201214,,,,,娱乐,电影,
46,lxnkf54X,,农业银行 漂亮妈妈 9132,39.8,,20201214,,,,,餐饮,,
47,lxnkf54X,,农业银行 漂亮妈妈 9132,14.9,,20201214,,,,,餐饮,,
48,lxnkf54X,,农业银行 漂亮妈妈 9132,58.0,,20201213,,,,,文教,,
49,lxnkf54X,,农业银行 漂亮妈妈 9132,16.5,,20201213,,,,,餐饮,,
50,lxnkf54X,,农业银行 漂亮妈妈 9132,6999.0,,20201213,,,,,购物,数码,
51,lxnkf54X,,农业银行 漂亮妈妈 9132,26.6,,20201212,,,,,餐饮,,
52,lxnkf54X,,农业银行 漂亮妈妈 9132,5.88,,20201212,,,,,购物,数码,
53,lxnkf54X,,农业银行 漂亮妈妈 9132,3.6,,20201210,,,,,餐饮,,
54,lxnkf54X,,农业银行 漂亮妈妈 9132,60.0,,20201210,,,,,餐饮,,
55,lxnkf54X,,农业银行 漂亮妈妈 9132,50.0,,20201209,,,,,交通,,
56,lxnkf54X,,农业银行 漂亮妈妈 9132,24.0,,20201208,,,,,购物,数码,
57,lxnkf54X,,农业银行 漂亮妈妈 9132,4.0,,20201208,,,,,交通,,
58,lxnkf54X,,农业银行 C位出道 3118,16.2,,20201208,,,,,餐饮,,
59,lxnkf54X,,农业银行 漂亮妈妈 9132,9.9,,20201208,,,,,餐饮,,
60,lxnkf54X,,农业银行 漂亮妈妈 9132,18.0,,20201207,,,,,餐饮,,
61,lxnkf54X,,农业银行 漂亮妈妈 9132,12.9,,20201207,,,,,购物,日用,
62,lxnkf54X,,农业银行 漂亮妈妈 9132,45.0,,20201207,,,,,购物,数码,
63,lxnkf54X,,农业银行 漂亮妈妈 9132,133.0,,20201207,,,,,住房,,
64,lxnkf54X,,农业银行 漂亮妈妈 9132,8.0,,20201206,,,,,娱乐,游戏,
65,lxnkf54X,,农业银行 C位出道 3118,22.79,,20201206,,,,,餐饮,,
66,lxnkf54X,,农业银行 C位出道 3118,28.4,,20201205,,,,,餐饮,,
67,lxnkf54X,,美团月付 信用卡,10.78,,20201205,,,,,餐饮,,
68,lxnkf54X,,农业银行 C位出道 3118,26.0,,20201205,,,,,餐饮,,
69,lxnkf54X,,微信钱包 HAN-MC,141.85,,20201205,,,,,住房,,
70,lxnkf54X,,农业银行 漂亮妈妈 9132,23.0,,20201204,,,,,日常琐碎,快递,
71,lxnkf54X,,农业银行 漂亮妈妈 9132,16.5,,20201204,,,,,餐饮,,
72,lxnkf54X,,农业银行 漂亮妈妈 9132,5.0,,20201203,,,,,餐饮,,
73,lxnkf54X,,农业银行 漂亮妈妈 9132,18.2,,20201203,,,,,餐饮,,
74,lxnkf54X,,农业银行 漂亮妈妈 9132,50.0,,20201203,,,,,通讯,,
75,lxnkf54X,,农业银行 漂亮妈妈 9132,200.0,,20201202,,,,,餐饮,,
76,lxnkf54X,,农业银行 漂亮妈妈 9132,9.8,,20201201,,,,,购物,鞋服,
77,lxnkf54X,,农业银行 漂亮妈妈 9132,17.3,,20201201,,,,,餐饮,,
78,lxnkf54X,,支付宝 韩梦成呀,12.0,,20201201,,,,,日常琐碎,快递,
79,lxnkf54X,,蚂蚁花呗 信用卡,28.0,,20201129,,,,,日常琐碎,理发,
80,lxnkf54X,,农业银行 漂亮妈妈 9132,50.0,,20201129,,,,,通讯,,
81,lxnkf54X,,农业银行 漂亮妈妈 9132,15.5,,20201129,,,,,餐饮,,
82,lxnkf54X,,农业银行 漂亮妈妈 9132,8.24,,20201128,,,,,餐饮,,
83,lxnkf54X,,农业银行 漂亮妈妈 9132,28.71,,20201128,,,,,餐饮,,
84,lxnkf54X,,农业银行 漂亮妈妈 9132,18.2,,20201128,,,,,餐饮,,
85,lxnkf54X,,农业银行 漂亮妈妈 9132,18.3,,20201127,,,,,餐饮,,
86,lxnkf54X,,农业银行 漂亮妈妈 9132,24.0,,20201127,,,,,餐饮,,
87,lxnkf54X,,蚂蚁花呗 信用卡,16.5,,20201126,,,,,餐饮,,
88,lxnkf54X,,支付宝 韩梦成呀,231.0,,20201126,,,,,工作,党费,
89,lxnkf54X,,蚂蚁花呗 信用卡,18.2,,20201125,,,,,餐饮,,
90,lxnkf54X,,支付宝 韩梦成呀,20.0,,20201125,,,,,餐饮,,
91,lxnkf54X,,支付宝 韩梦成呀,36.0,,20201124,,,,,日常琐碎,快递,
92,lxnkf54X,,蚂蚁花呗 信用卡,18.5,,20201124,,,,,餐饮,,
93,lxnkf54X,,蚂蚁花呗 信用卡,18.2,,20201123,,,,,餐饮,,
94,lxnkf54X,,农业银行 漂亮妈妈 9132,100.0,,20201123,,,,,交通,,
95,lxnkf54X,,农业银行 漂亮妈妈 9132,100.0,,20201122,,,,,餐饮,,
96,lxnkf54X,,农业银行 漂亮妈妈 9132,18.2,,20201122,,,,,餐饮,,
97,lxnkf54X,,招商银行 星座卡 7296,18.2,,20201121,,,,,餐饮,,
98,lxnkf54X,,农业银行 漂亮妈妈 9132,18.5,,20201121,,,,,餐饮,,
99,lxnkf54X,,微信钱包 HAN-MC,54.0,,20201121,,,,,文教,,
100,lxnkf54X,,招商银行 星座卡 7296,17.5,,20201120,,,,,餐饮,,
101,lxnkf54X,,农业银行 漂亮妈妈 9132,3248.6,,20201120,,,,,购物,鞋服,
102,lxnkf54X,,招商银行 星座卡 7296,30.0,,20201120,,,,,文教,,
103,lxnkf54X,,招商银行 星座卡 7296,14.4,,20201119,,,,,餐饮,,
104,lxnkf54X,,招商银行 星座卡 7296,15.0,,20201119,,,,,餐饮,,
105,lxnkf54X,,招商银行 星座卡 7296,8.5,,20201119,,,,,餐饮,,
106,lxnkf54X,,招商银行 星座卡 7296,17.5,,20201118,,,,,餐饮,,
107,lxnkf54X,,招商银行 星座卡 7296,5.0,,20201118,,,,,娱乐,AppleMusic,
108,lxnkf54X,,招商银行 星座卡 7296,195.0,,20201117,,,,,人情,,
109,lxnkf54X,,农业银行 漂亮妈妈 9132,200.0,,20201117,,,,,餐饮,,
110,lxnkf54X,,招商银行 星座卡 7296,172.2,,20201117,,,,,文教,,
111,lxnkf54X,,微信钱包 HAN-MC,74.4,,20201116,,,,,餐饮,,
112,lxnkf54X,,招商银行 星座卡 7296,18.5,,20201115,,,,,餐饮,,
113,lxnkf54X,,农业银行 漂亮妈妈 9132,15.0,,20201115,,,,,餐饮,,
114,lxnkf54X,,招商银行 星座卡 7296,442.36,,20201114,,,,,餐饮,,
115,lxnkf54X,,农业银行 漂亮妈妈 9132,15.0,,20201114,,,,,餐饮,,
116,lxnkf54X,,农业银行 漂亮妈妈 9132,12.0,,20201113,,,,,娱乐,游戏,
117,lxnkf54X,,农业银行 漂亮妈妈 9132,17.5,,20201113,,,,,餐饮,,
118,lxnkf54X,,招商银行 星座卡 7296,43.0,,20201113,,,,,交通,,
119,lxnkf54X,,招商银行 星座卡 7296,25.0,,20201113,,,,,餐饮,,
120,lxnkf54X,,农业银行 漂亮妈妈 9132,15.4,,20201112,,,,,餐饮,,
121,lxnkf54X,,农业银行 漂亮妈妈 9132,17.5,,20201111,,,,,餐饮,,
122,lxnkf54X,,招商银行 星座卡 7296,1029.9,,20201111,,,,,购物,鞋服,
123,lxnkf54X,,招商银行 星座卡 7296,146.25,,20201111,,,,,餐饮,,
124,lxnkf54X,,农业银行 漂亮妈妈 9132,224.0,,20201111,,,,,娱乐,游戏,
125,lxnkf54X,,农业银行 工资卡 6675,900.0,,20201110,,,,,住房,,
126,lxnkf54X,,农业银行 漂亮妈妈 9132,8.0,,20201110,,,,,日常琐碎,快递,
127,lxnkf54X,,农业银行 漂亮妈妈 9132,1.5,,20201109,,,,,交通,,
128,lxnkf54X,,微信钱包 HAN-MC,52.0,,20201108,,,,,住房,,
129,lxnkf54X,,农业银行 漂亮妈妈 9132,18.0,,20201108,,,,,餐饮,,
130,lxnkf54X,,农业银行 漂亮妈妈 9132,3.0,,20201108,,,,,文教,,
131,lxnkf54X,,农业银行 漂亮妈妈 9132,16.2,,20201108,,,,,餐饮,,
132,lxnkf54X,,农业银行 漂亮妈妈 9132,12.0,,20201107,,,,,娱乐,游戏,
133,lxnkf54X,,农业银行 漂亮妈妈 9132,13.4,,20201107,,,,,餐饮,,
134,lxnkf54X,,农业银行 漂亮妈妈 9132,40.0,,20201107,,,,,娱乐,游戏,
135,lxnkf54X,,农业银行 漂亮妈妈 9132,15.4,,20201107,,,,,餐饮,,
136,lxnkf54X,,农业银行 漂亮妈妈 9132,10.0,,20201107,,,,,餐饮,,
137,lxnkf54X,,农业银行 漂亮妈妈 9132,28.0,,20201107,,,,,餐饮,,
138,lxnkf54X,,农业银行 漂亮妈妈 9132,198.0,,20201107,,,,,娱乐,游戏,
139,lxnkf54X,,微信钱包 HAN-MC,20.0,,20201106,,,,,购物,数码,
140,lxnkf54X,,农业银行 漂亮妈妈 9132,158.0,,20201105,,,,,购物,日用,
141,lxnkf54X,,农业银行 漂亮妈妈 9132,18.5,,20201105,,,,,餐饮,,
142,lxnkf54X,,农业银行 漂亮妈妈 9132,100.0,,20201105,,,,,交通,,
143,lxnkf54X,,京东白条 信用卡,54.62,,20201104,,,,,购物,数码,
144,lxnkf54X,,农业银行 漂亮妈妈 9132,200.0,,20201104,,,,,餐饮,,充饭卡
145,lxnkf54X,,农业银行 漂亮妈妈 9132,8.52,,20201103,,,,,文教,,
146,lxnkf54X,,农业银行 漂亮妈妈 9132,18.5,,20201103,,,,,餐饮,,
147,lxnkf54X,,农业银行 漂亮妈妈 9132,5.0,,20201103,,,,,餐饮,,
148,lxnkf54X,,农业银行 漂亮妈妈 9132,23.5,,20201102,,,,,餐饮,,
149,lxnkf54X,,农业银行 漂亮妈妈 9132,1.5,,20201102,,,,,交通,,
150,lxnkf54X,,农业银行 漂亮妈妈 9132,13.4,,20201101,,,,,餐饮,,
151,lxnkf54X,,支付宝 韩梦成呀,21.0,,20201101,,,,,日常琐碎,快递,
152,lxnkf54X,,农业银行 漂亮妈妈 9132,548.75,,20201101,,,,,购物,日用,
153,lxnkf54X,,农业银行 漂亮妈妈 9132,356.25,,20201101,,,,,购物,日用,
154,lxnkf54X,,农业银行 漂亮妈妈 9132,509.0,,20201101,,,,,购物,鞋服,
155,lxnkf54X,,农业银行 漂亮妈妈 9132,18.5,,20201101,,,,,餐饮,,
156,lxnkf54X,,农业银行 漂亮妈妈 9132,24.0,,20201031,,,,,购物,数码,
157,lxnkf54X,,农业银行 漂亮妈妈 9132,4289.0,,20201031,,,,,购物,数码,
158,lxnkf54X,,农业银行 漂亮妈妈 9132,159.0,,20201031,,,,,购物,鞋服,
159,lxnkf54X,,农业银行 漂亮妈妈 9132,168.0,,20201031,,,,,购物,鞋服,
160,lxnkf54X,,蚂蚁花呗 信用卡,598.0,,20201030,,,,,人情,,
161,lxnkf54X,,农业银行 漂亮妈妈 9132,90.0,,20201030,,,,,购物,鞋服,
162,lxnkf54X,,农业银行 漂亮妈妈 9132,7.68,,20201030,,,,,购物,鞋服,
163,lxnkf54X,,农业银行 漂亮妈妈 9132,70.0,,20201030,,,,,餐饮,,
164,lxnkf54X,,农业银行 漂亮妈妈 9132,14.29,,20201030,,,,,交通,,
165,lxnkf54X,,农业银行 漂亮妈妈 9132,18.5,,20201028,,,,,餐饮,,
166,lxnkf54X,,农业银行 漂亮妈妈 9132,140.0,,20201027,,,,,购物,日用,
167,lxnkf54X,,农业银行 漂亮妈妈 9132,68.0,,20201027,,,,,娱乐,游戏,
168,lxnkf54X,,蚂蚁花呗 信用卡,28.0,,20201026,,,,,日常琐碎,理发,
169,lxnkf54X,,支付宝 韩梦成呀,7.0,,20201026,,,,,日常琐碎,快递,
170,lxnkf54X,,支付宝 韩梦成呀,3.0,,20201026,,,,,日常琐碎,快递,
171,lxnkf54X,,支付宝 韩梦成呀,9.0,,20201026,,,,,日常琐碎,快递,
172,lxnkf54X,,农业银行 漂亮妈妈 9132,6.0,,20201026,,,,,日常琐碎,快递,
173,lxnkf54X,,农业银行 漂亮妈妈 9132,3.0,,20201026,,,,,交通,,
174,lxnkf54X,,农业银行 漂亮妈妈 9132,33.7,,20201026,,,,,人情,,
175,lxnkf54X,,农业银行 漂亮妈妈 9132,1.5,,20201026,,,,,交通,,
176,lxnkf54X,,农业银行 漂亮妈妈 9132,16.4,,20201025,,,,,餐饮,,
177,lxnkf54X,,农业银行 漂亮妈妈 9132,3.0,,20201025,,,,,文教,,
178,lxnkf54X,,农业银行 C位出道 3118,100.0,,20201025,,,,,交通,,
179,lxnkf54X,,微信钱包 HAN-MC,11.0,,20201025,,,,,餐饮,,
180,lxnkf54X,,微信钱包 HAN-MC,110.0,,20201025,,,,,餐饮,,
181,lxnkf54X,,农业银行 漂亮妈妈 9132,18.5,,20201024,,,,,餐饮,,
182,lxnkf54X,,农业银行 漂亮妈妈 9132,20.0,,20201024,,,,,餐饮,,
183,lxnkf54X,,农业银行 漂亮妈妈 9132,16.4,,20201024,,,,,餐饮,,
184,lxnkf54X,,农业银行 漂亮妈妈 9132,64.0,,20201023,,,,,住房,,
185,lxnkf54X,,农业银行 漂亮妈妈 9132,18.5,,20201023,,,,,餐饮,,
186,lxnkf54X,,农业银行 漂亮妈妈 9132,15.4,,20201022,,,,,餐饮,,
187,lxnkf54X,,农业银行 漂亮妈妈 9132,19.9,,20201022,,,,,文教,,
188,lxnkf54X,,农业银行 漂亮妈妈 9132,15.4,,20201021,,,,,餐饮,,
189,lxnkf54X,,农业银行 漂亮妈妈 9132,18.5,,20201020,,,,,餐饮,,
190,lxnkf54X,,农业银行 漂亮妈妈 9132,18.5,,20201019,,,,,餐饮,,
191,lxnkf54X,,农业银行 漂亮妈妈 9132,15.0,,20201019,,,,,餐饮,,
192,lxnkf54X,,微信钱包 HAN-MC,17.4,,20201019,,,,,购物,日用,
193,lxnkf54X,,农业银行 漂亮妈妈 9132,10.8,,20201018,,,,,餐饮,,
194,lxnkf54X,,农业银行 漂亮妈妈 9132,18.5,,20201018,,,,,餐饮,,
195,lxnkf54X,,农业银行 漂亮妈妈 9132,5.0,,20201018,,,,,文教,,
196,lxnkf54X,,农业银行 漂亮妈妈 9132,27.9,,20201018,,,,,零食烟酒,,
197,lxnkf54X,,农业银行 漂亮妈妈 9132,35.1,,20201017,,,,,餐饮,,
198,lxnkf54X,,农业银行 漂亮妈妈 9132,18.4,,20201017,,,,,餐饮,,
199,lxnkf54X,,农业银行 漂亮妈妈 9132,40.0,,20201017,,,,,人情,,
200,lxnkf54X,,农业银行 漂亮妈妈 9132,10.0,,20201017,,,,,餐饮,,
201,lxnkf54X,,农业银行 漂亮妈妈 9132,9.1,,20201015,,,,,餐饮,,
202,lxnkf54X,,农业银行 C位出道 3118,200.0,,20201014,,,,,餐饮,,
203,lxnkf54X,,农业银行 C位出道 3118,17.49,,20201013,,,,,购物,,
204,lxnkf54X,,微信钱包 HAN-MC,19.0,,20201012,,,,,餐饮,,
205,lxnkf54X,,农业银行 C位出道 3118,18.5,,20201011,,,,,餐饮,,
206,lxnkf54X,,农业银行 C位出道 3118,18.5,,20201011,,,,,餐饮,,
207,lxnkf54X,,农业银行 C位出道 3118,5.0,,20201011,,,,,餐饮,,
208,lxnkf54X,,农业银行 C位出道 3118,15.8,,20201010,,,,,餐饮,,
209,lxnkf54X,,农业银行 C位出道 3118,56.26,,20201009,,,,,购物,,
210,lxnkf54X,,农业银行 C位出道 3118,2.79,,20201009,,,,,购物,,
211,lxnkf54X,,农业银行 C位出道 3118,18.3,,20201009,,,,,餐饮,,
212,lxnkf54X,,农业银行 漂亮妈妈 9132,497.0,,20201009,,,,,购物,鞋服,
213,lxnkf54X,,农业银行 漂亮妈妈 9132,100.0,,20201009,,,,,交通,,
214,lxnkf54X,,农业银行 C位出道 3118,18.3,,20201008,,,,,餐饮,,
215,lxnkf54X,,农业银行 C位出道 3118,4.99,,20201008,,,,,文教,,
216,lxnkf54X,,农业银行 C位出道 3118,18.3,,20201008,,,,,餐饮,,
217,lxnkf54X,,农业银行 C位出道 3118,18.3,,20201008,,,,,餐饮,,
218,lxnkf54X,,微信钱包 HAN-MC,39.75,,20201007,,,,,住房,,
219,lxnkf54X,,农业银行 C位出道 3118,16.4,,20201007,,,,,餐饮,,
220,lxnkf54X,,农业银行 C位出道 3118,16.4,,20201007,,,,,餐饮,,
221,lxnkf54X,,农业银行 漂亮妈妈 9132,39.75,,20201007,,,,,住房,,
222,lxnkf54X,,农业银行 漂亮妈妈 9132,4.5,,20201005,,,,,餐饮,,
223,lxnkf54X,,农业银行 漂亮妈妈 9132,4.5,,20201005,,,,,餐饮,,
224,lxnkf54X,,农业银行 漂亮妈妈 9132,18.5,,20201001,,,,,餐饮,,
225,lxnkf54X,,农业银行 漂亮妈妈 9132,18.5,,20201001,,,,,餐饮,,
226,lxnkf54X,,农业银行 C位出道 3118,18.5,,20200920,,,,,餐饮,,
227,lxnkf54X,,农业银行 C位出道 3118,18.5,,20200919,,,,,餐饮,,
228,lxnkf54X,,支付宝 韩梦成呀,28.0,,20200919,,,,,日常琐碎,理发,
229,lxnkf54X,,支付宝 韩梦成呀,20.0,,20200919,,,,,通讯,,
230,lxnkf54X,,农业银行 C位出道 3118,5.0,,20200918,,,,,文教,,
231,lxnkf54X,,农业银行 C位出道 3118,19.8,,20200918,,,,,餐饮,,
232,lxnkf54X,,支付宝 韩梦成呀,231.0,,20200916,,,,,工作,党费,
233,lxnkf54X,,农业银行 C位出道 3118,2.0,,20200916,,,,,购物,,
234,lxnkf54X,,农业银行 C位出道 3118,100.0,,20200916,,,,,交通,,
235,lxnkf54X,,农业银行 漂亮妈妈 9132,27.0,,20200916,,,,,餐饮,,
236,lxnkf54X,,农业银行 C位出道 3118,11.2,,20200915,,,,,餐饮,,
237,lxnkf54X,,农业银行 C位出道 3118,21.0,,20200914,,,,,餐饮,,
238,lxnkf54X,,微信钱包 HAN-MC,98.0,,20200914,,,,,住房,,
239,lxnkf54X,,农业银行 C位出道 3118,186.7,,20200914,,,,,餐饮,,
240,lxnkf54X,,农业银行 C位出道 3118,17.6,,20200913,,,,,餐饮,,
241,lxnkf54X,,农业银行 C位出道 3118,2.0,,20200913,,,,,餐饮,,
242,lxnkf54X,,农业银行 C位出道 3118,10.0,,20200913,,,,,餐饮,,
243,lxnkf54X,,农业银行 C位出道 3118,88.0,,20200913,,,,,日常琐碎,快递,
244,lxnkf54X,,农业银行 C位出道 3118,15.2,,20200913,,,,,餐饮,,
245,lxnkf54X,,农业银行 漂亮妈妈 9132,154.0,,20200913,,,,,文教,,
246,lxnkf54X,,农业银行 漂亮妈妈 9132,5.8,,20200913,,,,,文教,,
247,lxnkf54X,,农业银行 C位出道 3118,15.2,,20200912,,,,,餐饮,,
248,lxnkf54X,,农业银行 C位出道 3118,25.0,,20200912,,,,,医疗,,
249,lxnkf54X,,农业银行 C位出道 3118,241.3,,20200912,,,,,医疗,,
250,lxnkf54X,,农业银行 C位出道 3118,16.5,,20200911,,,,,餐饮,,
251,lxnkf54X,,微信钱包 HAN-MC,13.0,,20200911,,,,,餐饮,,
252,lxnkf54X,,农业银行 C位出道 3118,200.0,,20200909,,,,,餐饮,,
253,lxnkf54X,,蚂蚁花呗 信用卡,150.0,,20200909,,,,,文教,,vpn
254,lxnkf54X,,农业银行 C位出道 3118,6.0,,20200908,,,,,娱乐,游戏,
255,lxnkf54X,,农业银行 C位出道 3118,16.5,,20200908,,,,,餐饮,,
256,lxnkf54X,,农业银行 C位出道 3118,59.0,,20200907,,,,,人情,,
257,lxnkf54X,,农业银行 C位出道 3118,16.5,,20200906,,,,,餐饮,,
258,lxnkf54X,,农业银行 C位出道 3118,5.0,,20200906,,,,,餐饮,,
259,lxnkf54X,,蚂蚁花呗 信用卡,1365.0,,20200906,,,,,餐饮,,
260,lxnkf54X,,农业银行 C位出道 3118,4.0,,20200905,,,,,餐饮,,
261,lxnkf54X,,农业银行 C位出道 3118,18.5,,20200905,,,,,餐饮,,
262,lxnkf54X,,农业银行 C位出道 3118,25.0,,20200905,,,,,医疗,,
263,lxnkf54X,,农业银行 C位出道 3118,70.0,,20200905,,,,,医疗,,
264,lxnkf54X,,农业银行 漂亮妈妈 9132,15.8,,20200904,,,,,餐饮,,
265,lxnkf54X,,农业银行 C位出道 3118,15.2,,20200904,,,,,餐饮,,
266,lxnkf54X,,农业银行 C位出道 3118,4.0,,20200904,,,,,餐饮,,
267,lxnkf54X,,支付宝 韩梦成呀,1000.0,,20200903,,,,,人情,,妈妈过生日
268,lxnkf54X,,农业银行 C位出道 3118,50.2,,20200903,,,,,住房,,
269,lxnkf54X,,农业银行 C位出道 3118,100.0,,20200902,,,,,交通,,
270,lxnkf54X,,蚂蚁花呗 信用卡,14.7,,20200901,,,,,餐饮,,
271,lxnkf54X,,蚂蚁花呗 信用卡,6.0,,20200830,,,,,日常琐碎,,
272,lxnkf54X,,微信钱包 HAN-MC,25.0,,20200830,,,,,餐饮,,
273,lxnkf54X,,农业银行 C位出道 3118,10.0,,20200829,,,,,餐饮,,
274,lxnkf54X,,农业银行 C位出道 3118,14.4,,20200829,,,,,餐饮,,
275,lxnkf54X,,农业银行 C位出道 3118,37.68,,20200829,,,,,汽车,,
276,lxnkf54X,,农业银行 漂亮妈妈 9132,350.0,,20200829,,,,,餐饮,,
277,lxnkf54X,,农业银行 C位出道 3118,301.49,,20200829,,,,,住房,,
278,lxnkf54X,,农业银行 C位出道 3118,48.98,,20200828,,,,,通讯,,
279,lxnkf54X,,微信钱包 HAN-MC,18.0,,20200828,,,,,餐饮,,
280,lxnkf54X,,农业银行 C位出道 3118,50.0,,20200827,,,,,交通,,
281,lxnkf54X,,农业银行 C位出道 3118,13.4,,20200826,,,,,餐饮,,
282,lxnkf54X,,农业银行 C位出道 3118,200.0,,20200825,,,,,餐饮,,
283,lxnkf54X,,农业银行 C位出道 3118,5.0,,20200825,,,,,餐饮,,
284,lxnkf54X,,农业银行 C位出道 3118,13.9,,20200825,,,,,餐饮,,
285,lxnkf54X,,农业银行 C位出道 3118,200.0,,20200825,,,,,餐饮,,
286,lxnkf54X,,支付宝 韩梦成呀,60.0,,20200822,,,,,娱乐,电影,
287,lxnkf54X,,农业银行 漂亮妈妈 9132,266.0,,20200822,,,,,人情,,
288,lxnkf54X,,农业银行 C位出道 3118,13.5,,20200822,,,,,餐饮,,
289,lxnkf54X,,农业银行 C位出道 3118,3.8,,20200822,,,,,文教,,
290,lxnkf54X,,蚂蚁花呗 信用卡,8.0,,20200822,,,,,餐饮,,
291,lxnkf54X,,农业银行 C位出道 3118,14.5,,20200821,,,,,餐饮,,
292,lxnkf54X,,农业银行 漂亮妈妈 9132,9.0,,20200821,,,,,餐饮,,
293,lxnkf54X,,农业银行 漂亮妈妈 9132,3.0,,20200820,,,,,餐饮,,
294,lxnkf54X,,农业银行 漂亮妈妈 9132,3.0,,20200819,,,,,餐饮,,
295,lxnkf54X,,农业银行 漂亮妈妈 9132,35.64,,20200818,,,,,餐饮,,
296,lxnkf54X,,农业银行 漂亮妈妈 9132,27.0,,20200818,,,,,餐饮,,
297,lxnkf54X,,农业银行 C位出道 3118,5.0,,20200818,,,,,文教,,
298,lxnkf54X,,农业银行 漂亮妈妈 9132,3.0,,20200818,,,,,餐饮,,
299,lxnkf54X,,农业银行 漂亮妈妈 9132,16.5,,20200817,,,,,餐饮,,
300,lxnkf54X,,农业银行 漂亮妈妈 9132,3.0,,20200817,,,,,餐饮,,
301,lxnkf54X,,农业银行 C位出道 3118,12.5,,20200816,,,,,餐饮,,
302,lxnkf54X,,农业银行 C位出道 3118,4.0,,20200816,,,,,餐饮,,
303,lxnkf54X,,农业银行 C位出道 3118,16.58,,20200816,,,,,人情,,
304,lxnkf54X,,微信钱包 HAN-MC,102.17,,20200814,,,,,餐饮,,
305,lxnkf54X,,农业银行 漂亮妈妈 9132,16.0,,20200814,,,,,餐饮,,
306,lxnkf54X,,农业银行 漂亮妈妈 9132,2.0,,20200814,,,,,餐饮,,
307,lxnkf54X,,农业银行 漂亮妈妈 9132,3.0,,20200814,,,,,餐饮,,
308,lxnkf54X,,农业银行 漂亮妈妈 9132,3.0,,20200813,,,,,餐饮,,
309,lxnkf54X,,微信钱包 HAN-MC,4.0,,20200812,,,,,餐饮,,
310,lxnkf54X,,微信钱包 HAN-MC,15.0,,20200811,,,,,餐饮,,
311,lxnkf54X,,农业银行 漂亮妈妈 9132,3.0,,20200811,,,,,餐饮,,
312,lxnkf54X,,农业银行 工资卡 6675,900.0,,20200810,,,,,住房,,
313,lxnkf54X,,农业银行 漂亮妈妈 9132,3.0,,20200810,,,,,餐饮,,
314,lxnkf54X,,农业银行 C位出道 3118,100.0,,20200810,,,,,交通,,
315,lxnkf54X,,蚂蚁花呗 信用卡,21.2,,20200810,,,,,餐饮,,
316,lxnkf54X,,蚂蚁花呗 信用卡,15.0,,20200810,,,,,文教,,
317,lxnkf54X,,农业银行 漂亮妈妈 9132,54.75,,20200810,,,,,交通,,
318,lxnkf54X,,农业银行 漂亮妈妈 9132,27.0,,20200810,,,,,餐饮,,
319,lxnkf54X,,农业银行 漂亮妈妈 9132,91.0,,20200809,,,,,餐饮,,
320,lxnkf54X,,农业银行 C位出道 3118,79.9,,20200809,,,,,购物,,
321,lxnkf54X,,农业银行 C位出道 3118,144.6,,20200808,,,,,餐饮,,
322,lxnkf54X,,农业银行 C位出道 3118,162.11,,20200808,,,,,餐饮,,
323,lxnkf54X,,支付宝 韩梦成呀,12.0,,20200808,,,,,日常琐碎,快递,
324,lxnkf54X,,农业银行 C位出道 3118,23.2,,20200808,,,,,餐饮,,
325,lxnkf54X,,微信钱包 HAN-MC,14.0,,20200807,,,,,餐饮,,
326,lxnkf54X,,农业银行 C位出道 3118,11.56,,20200807,,,,,餐饮,,
327,lxnkf54X,,农业银行 C位出道 3118,18.0,,20200807,,,,,餐饮,,
328,lxnkf54X,,农业银行 漂亮妈妈 9132,3.0,,20200807,,,,,餐饮,,
329,lxnkf54X,,农业银行 漂亮妈妈 9132,3.0,,20200806,,,,,餐饮,,
330,lxnkf54X,,微信钱包 HAN-MC,67.0,,20200806,,,,,住房,,
331,lxnkf54X,,农业银行 C位出道 3118,218.0,,20200806,,,,,人情,,
332,lxnkf54X,,农业银行 C位出道 3118,83.41,,20200806,,,,,购物,数码,
333,lxnkf54X,,农业银行 漂亮妈妈 9132,6.0,,20200805,,,,,餐饮,,
334,lxnkf54X,,农业银行 漂亮妈妈 9132,27.5,,20200805,,,,,餐饮,,
335,lxnkf54X,,农业银行 C位出道 3118,79.0,,20200804,,,,,文教,,
336,lxnkf54X,,微信钱包 HAN-MC,10.0,,20200804,,,,,餐饮,,
337,lxnkf54X,,微信钱包 HAN-MC,18.0,,20200804,,,,,日常琐碎,快递,
338,lxnkf54X,,农业银行 漂亮妈妈 9132,7.0,,20200804,,,,,餐饮,,
339,lxnkf54X,,农业银行 C位出道 3118,4.0,,20200803,,,,,餐饮,,
340,lxnkf54X,,微信钱包 HAN-MC,7.0,,20200803,,,,,餐饮,,
341,lxnkf54X,,农业银行 漂亮妈妈 9132,31.98,,20200803,,,,,餐饮,,
342,lxnkf54X,,农业银行 漂亮妈妈 9132,21.0,,20200802,,,,,餐饮,,
343,lxnkf54X,,农业银行 C位出道 3118,14.55,,20200802,,,,,交通,,
344,lxnkf54X,,农业银行 漂亮妈妈 9132,200.0,,20200802,,,,,餐饮,,充值饭卡
345,lxnkf54X,,农业银行 漂亮妈妈 9132,35.29,,20200801,,,,,交通,,
346,lxnkf54X,,农业银行 漂亮妈妈 9132,84.8,,20200801,,,,,人情,,
347,lxnkf54X,,蚂蚁花呗 信用卡,50.0,,20200801,,,,,餐饮,,
348,lxnkf54X,,农业银行 漂亮妈妈 9132,14.4,,20200801,,,,,餐饮,,
349,lxnkf54X,,农业银行 漂亮妈妈 9132,9.36,,20200731,,,,,餐饮,,
350,lxnkf54X,,农业银行 C位出道 3118,23.0,,20200729,,,,,日常琐碎,快递,
351,lxnkf54X,,农业银行 C位出道 3118,45.0,,20200729,,,,,娱乐,游戏,
352,lxnkf54X,,农业银行 C位出道 3118,200.0,,20200727,,,,,餐饮,,充卡
353,lxnkf54X,,农业银行 C位出道 3118,100.0,,20200727,,,,,交通,,
354,lxnkf54X,,微信钱包 HAN-MC,20.0,,20200727,,,,,餐饮,,
355,lxnkf54X,,农业银行 C位出道 3118,14.25,,20200727,,,,,交通,,
356,lxnkf54X,,农业银行 C位出道 3118,3.0,,20200727,,,,,餐饮,,
357,lxnkf54X,,支付宝 韩梦成呀,133.34,,20200726,,,,,餐饮,,
358,lxnkf54X,,蚂蚁花呗 信用卡,34.5,,20200726,,,,,餐饮,,
359,lxnkf54X,,农业银行 C位出道 3118,60.86,,20200725,,,,,餐饮,,
360,lxnkf54X,,农业银行 C位出道 3118,4.0,,20200725,,,,,餐饮,,
361,lxnkf54X,,农业银行 C位出道 3118,13.2,,20200725,,,,,文教,,
362,lxnkf54X,,农业银行 C位出道 3118,388.0,,20200725,,,,,购物,鞋服,
363,lxnkf54X,,蚂蚁花呗 信用卡,22.2,,20200724,,,,,餐饮,,
364,lxnkf54X,,农业银行 C位出道 3118,16.0,,20200724,,,,,餐饮,,
365,lxnkf54X,,农业银行 C位出道 3118,5.3,,20200724,,,,,餐饮,,
366,lxnkf54X,,微信钱包 HAN-MC,27.35,,20200724,,,,,住房,,
367,lxnkf54X,,农业银行 工资卡 6675,51.9,,20200723,,,,,人情,,
368,lxnkf54X,,农业银行 工资卡 6675,22.7,,20200723,,,,,餐饮,,
369,lxnkf54X,,农业银行 C位出道 3118,15.0,,20200723,,,,,餐饮,,
370,lxnkf54X,,农业银行 C位出道 3118,42.0,,20200723,,,,,餐饮,,
371,lxnkf54X,,农业银行 C位出道 3118,5.7,,20200723,,,,,餐饮,,
372,lxnkf54X,,支付宝 韩梦成呀,10.0,,20200722,,,,,日常琐碎,快递,
373,lxnkf54X,,农业银行 C位出道 3118,0.7,,20200722,,,,,住房,,
374,lxnkf54X,,蚂蚁花呗 信用卡,15.0,,20200721,,,,,文教,,
375,lxnkf54X,,蚂蚁花呗 信用卡,20.0,,20200721,,,,,日常琐碎,理发,
376,lxnkf54X,,农业银行 C位出道 3118,7.0,,20200721,,,,,餐饮,,
377,lxnkf54X,,农业银行 C位出道 3118,19.0,,20200721,,,,,餐饮,,
378,lxnkf54X,,农业银行 C位出道 3118,21.0,,20200721,,,,,餐饮,,
379,lxnkf54X,,农业银行 C位出道 3118,5.6,,20200721,,,,,餐饮,,
380,lxnkf54X,,微信钱包 HAN-MC,1.5,,20200721,,,,,交通,,
381,lxnkf54X,,微信钱包 HAN-MC,1.5,,20200720,,,,,交通,,
382,lxnkf54X,,农业银行 C位出道 3118,19.0,,20200720,,,,,餐饮,,
383,lxnkf54X,,农业银行 C位出道 3118,12.0,,20200720,,,,,餐饮,,
384,lxnkf54X,,农业银行 C位出道 3118,50.0,,20200720,,,,,交通,,
385,lxnkf54X,,微信钱包 HAN-MC,5.0,,20200720,,,,,交通,,
386,lxnkf54X,,支付宝 韩梦成呀,50.0,,20200720,,,,,日常琐碎,,花钱宽心
387,lxnkf54X,,农业银行 C位出道 3118,5.0,,20200718,,,,,文教,,
388,lxnkf54X,,蚂蚁花呗 信用卡,11.86,,20200718,,,,,餐饮,,
389,lxnkf54X,,农业银行 C位出道 3118,5.0,,20200718,,,,,餐饮,,
390,lxnkf54X,,农业银行 C位出道 3118,16.0,,20200717,,,,,餐饮,,
391,lxnkf54X,,农业银行 C位出道 3118,19.0,,20200716,,,,,餐饮,,
392,lxnkf54X,,农业银行 C位出道 3118,4.4,,20200716,,,,,餐饮,,
393,lxnkf54X,,蚂蚁花呗 信用卡,12.86,,20200716,,,,,餐饮,,
394,lxnkf54X,,微信钱包 HAN-MC,5.0,,20200716,,,,,交通,,
395,lxnkf54X,,蚂蚁花呗 信用卡,12.86,,20200715,,,,,餐饮,,
396,lxnkf54X,,农业银行 C位出道 3118,17.0,,20200715,,,,,餐饮,,
397,lxnkf54X,,农业银行 C位出道 3118,15.0,,20200715,,,,,交通,,
398,lxnkf54X,,农业银行 C位出道 3118,6.6,,20200715,,,,,餐饮,,
399,lxnkf54X,,农业银行 C位出道 3118,39.26,,20200714,,,,,购物,日用,坐垫
400,lxnkf54X,,微信钱包 HAN-MC,4.0,,20200714,,,,,餐饮,,
401,lxnkf54X,,农业银行 C位出道 3118,2.8,,20200714,,,,,餐饮,,
402,lxnkf54X,,农业银行 C位出道 3118,12.0,,20200714,,,,,餐饮,,
403,lxnkf54X,,农业银行 C位出道 3118,15.0,,20200714,,,,,餐饮,,
404,lxnkf54X,,农业银行 C位出道 3118,15.0,,20200713,,,,,餐饮,,
405,lxnkf54X,,农业银行 C位出道 3118,50.0,,20200713,,,,,交通,,
406,lxnkf54X,,农业银行 C位出道 3118,7.0,,20200712,,,,,餐饮,,
407,lxnkf54X,,农业银行 C位出道 3118,87.5,,20200711,,,,,人情,,投食
408,lxnkf54X,,农业银行 C位出道 3118,200.96,,20200711,,,,,住房,,
409,lxnkf54X,,农业银行 C位出道 3118,37.14,,20200711,,,,,餐饮,,
410,lxnkf54X,,农业银行 C位出道 3118,4.0,,20200711,,,,,餐饮,,
411,lxnkf54X,,微信钱包 HAN-MC,40.0,,20200711,,,,,住房,,
412,lxnkf54X,,农业银行 C位出道 3118,24.0,,20200711,,,,,购物,数码,
413,lxnkf54X,,农业银行 C位出道 3118,50.0,,20200710,,,,,交通,,充值公交卡
414,lxnkf54X,,蚂蚁花呗 信用卡,12.86,,20200710,,,,,餐饮,,
415,lxnkf54X,,农业银行 C位出道 3118,18.0,,20200710,,,,,餐饮,,
416,lxnkf54X,,农业银行 C位出道 3118,5.0,,20200710,,,,,餐饮,,
417,lxnkf54X,,微信钱包 HAN-MC,6.28,,20200710,,,,,住房,,
418,lxnkf54X,,农业银行 C位出道 3118,300.0,,20200709,,,,,文教,,apple pencil
419,lxnkf54X,,支付宝 韩梦成呀,12.0,,20200709,,,,,日常琐碎,快递,
420,lxnkf54X,,农业银行 C位出道 3118,15.0,,20200709,,,,,餐饮,,
421,lxnkf54X,,农业银行 C位出道 3118,45.0,,20200709,,,,,娱乐,游戏,
422,lxnkf54X,,支付宝 韩梦成呀,3.0,,20200708,,,,,利息支出,,
423,lxnkf54X,,农业银行 C位出道 3118,4.6,,20200708,,,,,餐饮,,
424,lxnkf54X,,支付宝 韩梦成呀,12.86,,20200708,,,,,餐饮,,
425,lxnkf54X,,农业银行 C位出道 3118,14.0,,20200708,,,,,餐饮,,
426,lxnkf54X,,微信钱包 HAN-MC,13.0,,20200707,,,,,日常琐碎,快递,
427,lxnkf54X,,农业银行 C位出道 3118,9.0,,20200707,,,,,餐饮,,
428,lxnkf54X,,农业银行 C位出道 3118,15.0,,20200707,,,,,餐饮,,
429,lxnkf54X,,农业银行 C位出道 3118,4.0,,20200707,,,,,餐饮,,
430,lxnkf54X,,农业银行 C位出道 3118,21.8,,20200706,,,,,餐饮,,
431,lxnkf54X,,农业银行 C位出道 3118,7.0,,20200706,,,,,餐饮,,
432,lxnkf54X,,农业银行 C位出道 3118,12.0,,20200704,,,,,日常琐碎,快递,
433,lxnkf54X,,蚂蚁花呗 信用卡,19.64,,20200704,,,,,餐饮,,
434,lxnkf54X,,农业银行 C位出道 3118,21.97,,20200704,,,,,通讯,,
435,lxnkf54X,,蚂蚁花呗 信用卡,27.75,,20200703,,,,,交通,,
436,lxnkf54X,,农业银行 C位出道 3118,16.0,,20200703,,,,,餐饮,,
437,lxnkf54X,,农业银行 C位出道 3118,15.0,,20200702,,,,,餐饮,,
438,lxnkf54X,,农业银行 C位出道 3118,10.0,,20200702,,,,,餐饮,,
439,lxnkf54X,,农业银行 C位出道 3118,5.8,,20200702,,,,,餐饮,,
440,lxnkf54X,,农业银行 漂亮妈妈 9132,10.0,,20200702,,,,,餐饮,,
441,lxnkf54X,,农业银行 C位出道 3118,6.7,,20200701,,,,,餐饮,,
442,lxnkf54X,,农业银行 C位出道 3118,100.0,,20200701,,,,,交通,,
443,lxnkf54X,,微信钱包 HAN-MC,20.2,,20200701,,,,,人情,,生日红包
444,lxnkf54X,,农业银行 C位出道 3118,17.0,,20200701,,,,,餐饮,,
445,lxnkf54X,,微信钱包 HAN-MC,18.8,,20200701,,,,,人情,,
446,lxnkf54X,,农业银行 C位出道 3118,143.33,,20200630,,,,,餐饮,,
447,lxnkf54X,,农业银行 C位出道 3118,228.99,,20200630,,,,,餐饮,,
448,lxnkf54X,,农业银行 C位出道 3118,15.0,,20200630,,,,,餐饮,,
449,lxnkf54X,,蚂蚁花呗 信用卡,3.0,,20200630,,,,,日常琐碎,,
450,lxnkf54X,,农业银行 C位出道 3118,7.1,,20200629,,,,,餐饮,,
451,lxnkf54X,,农业银行 C位出道 3118,9.8,,20200629,,,,,餐饮,,
452,lxnkf54X,,农业银行 工资卡 6675,77.0,,20200629,,,,,工作,党费,
453,lxnkf54X,,农业银行 工资卡 6675,65.0,,20200629,,,,,工作,工会费,
454,lxnkf54X,,农业银行 C位出道 3118,11.0,,20200629,,,,,餐饮,,
455,lxnkf54X,,农业银行 C位出道 3118,15.0,,20200629,,,,,餐饮,,
456,lxnkf54X,,农业银行 C位出道 3118,20.0,,20200629,,,,,交通,,
457,lxnkf54X,,农业银行 C位出道 3118,104.6,,20200628,,,,,餐饮,,
458,lxnkf54X,,农业银行 C位出道 3118,9.0,,20200628,,,,,餐饮,,
459,lxnkf54X,,农业银行 C位出道 3118,18.0,,20200628,,,,,餐饮,,
460,lxnkf54X,,农业银行 C位出道 3118,31.8,,20200628,,,,,餐饮,,
461,lxnkf54X,,蚂蚁花呗 储蓄卡,25.0,,20200627,,,,,餐饮,,
462,lxnkf54X,,农业银行 工资卡 6675,1.0,,20200627,,,,,餐饮,,
463,lxnkf54X,,农业银行 工资卡 6675,1.0,,20200627,,,,,餐饮,,
464,lxnkf54X,,农业银行 工资卡 6675,26.2,,20200626,,,,,餐饮,,
465,lxnkf54X,,农业银行 工资卡 6675,3.0,,20200626,,,,,餐饮,,
466,lxnkf54X,,农业银行 工资卡 6675,12.95,,20200626,,,,,餐饮,,
467,lxnkf54X,,农业银行 工资卡 6675,18.0,,20200626,,,,,日常琐碎,快递,
468,lxnkf54X,,蚂蚁花呗 储蓄卡,21.57,,20200625,,,,,餐饮,,
469,lxnkf54X,,农业银行 C位出道 3118,0.3,,20200625,,,,,餐饮,,
470,lxnkf54X,,微信钱包 HAN-MC,27.34,,20200625,,,,,餐饮,,
471,lxnkf54X,,蚂蚁花呗 储蓄卡,19.0,,20200625,,,,,文教,,打印
472,lxnkf54X,,蚂蚁花呗 储蓄卡,28.9,,20200625,,,,,购物,日用,纸巾
473,lxnkf54X,,农业银行 工资卡 6675,21.57,,20200625,,,,,餐饮,,
474,lxnkf54X,,农业银行 C位出道 3118,16.0,,20200624,,,,,餐饮,,
475,lxnkf54X,,农业银行 C位出道 3118,15.0,,20200624,,,,,餐饮,,
476,lxnkf54X,,农业银行 C位出道 3118,180.0,,20200623,,,,,娱乐,,china joy
477,lxnkf54X,,农业银行 C位出道 3118,9.0,,20200623,,,,,餐饮,,
478,lxnkf54X,,农业银行 C位出道 3118,17.0,,20200623,,,,,餐饮,,
479,lxnkf54X,,农业银行 工资卡 6675,12.0,,20200622,,,,,餐饮,,
480,lxnkf54X,,农业银行 C位出道 3118,14.0,,20200622,,,,,餐饮,,
481,lxnkf54X,,微信钱包 HAN-MC,1.5,,20200622,,,,,交通,,
482,lxnkf54X,,农业银行 C位出道 3118,44.2,,20200621,,,,,餐饮,,
483,lxnkf54X,,农业银行 C位出道 3118,18.9,,20200621,,,,,购物,日用,
484,lxnkf54X,,农业银行 C位出道 3118,79.0,,20200620,,,,,购物,鞋服,
485,lxnkf54X,,农业银行 C位出道 3118,12.0,,20200620,,,,,购物,日用,
486,lxnkf54X,,农业银行 C位出道 3118,118.0,,20200620,,,,,购物,鞋服,
487,lxnkf54X,,农业银行 C位出道 3118,257.56,,20200620,,,,,购物,鞋服,
488,lxnkf54X,,农业银行 C位出道 3118,299.9,,20200620,,,,,购物,鞋服,
489,lxnkf54X,,农业银行 C位出道 3118,178.0,,20200620,,,,,购物,鞋服,
490,lxnkf54X,,农业银行 C位出道 3118,255.96,,20200619,,,,,购物,日用,
491,lxnkf54X,,农业银行 C位出道 3118,4.0,,20200619,,,,,餐饮,,
492,lxnkf54X,,蚂蚁花呗 储蓄卡,21.18,,20200619,,,,,餐饮,,
493,lxnkf54X,,农业银行 C位出道 3118,5.0,,20200618,,,,,文教,,
494,lxnkf54X,,蚂蚁花呗 储蓄卡,20.18,,20200618,,,,,餐饮,,
495,lxnkf54X,,农业银行 C位出道 3118,15.0,,20200618,,,,,餐饮,,
496,lxnkf54X,,农业银行 C位出道 3118,4.0,,20200617,,,,,餐饮,,
497,lxnkf54X,,农业银行 C位出道 3118,18.0,,20200617,,,,,餐饮,,
498,lxnkf54X,,微信钱包 HAN-MC,8.88,,20200616,,,,,人情,,发红包
499,lxnkf54X,,微信钱包 HAN-MC,500.0,,20200616,,,,,人情,份子钱,陈保瞳结婚
500,lxnkf54X,,农业银行 C位出道 3118,16.0,,20200616,,,,,餐饮,,
501,lxnkf54X,,农业银行 C位出道 3118,6.8,,20200616,,,,,医疗,,创可贴
502,lxnkf54X,,农业银行 C位出道 3118,4.0,,20200616,,,,,餐饮,,
503,lxnkf54X,,蚂蚁花呗 储蓄卡,0.1,,20200615,,,,,交通,,
504,lxnkf54X,,蚂蚁花呗 储蓄卡,19.3,,20200615,,,,,餐饮,,
505,lxnkf54X,,蚂蚁花呗 储蓄卡,26.0,,20200615,,,,,购物,日用,
506,lxnkf54X,,蚂蚁花呗 储蓄卡,4.0,,20200615,,,,,餐饮,,
507,lxnkf54X,,支付宝 韩梦成呀,900.0,,20200615,,,,,住房,,三个月房租
508,lxnkf54X,,蚂蚁花呗 储蓄卡,69.0,,20200614,,,,,购物,日用,防晒喷雾
509,lxnkf54X,,蚂蚁花呗 储蓄卡,6.0,,20200614,,,,,餐饮,,
510,lxnkf54X,,蚂蚁花呗 储蓄卡,14.87,,20200614,,,,,餐饮,,
511,lxnkf54X,,蚂蚁花呗 储蓄卡,28.1,,20200612,,,,,餐饮,,
512,lxnkf54X,,蚂蚁花呗 储蓄卡,4.0,,20200612,,,,,餐饮,,
513,lxnkf54X,,微信钱包 HAN-MC,80.5,,20200612,,,,,餐饮,,聚餐
514,lxnkf54X,,微信钱包 HAN-MC,41.5,,20200612,,,,,购物,,瑜伽垫
515,lxnkf54X,,农业银行 C位出道 3118,5.9,,20200612,,,,,餐饮,,
516,lxnkf54X,,蚂蚁花呗 储蓄卡,4.0,,20200611,,,,,餐饮,,
517,lxnkf54X,,蚂蚁花呗 储蓄卡,6.0,,20200611,,,,,餐饮,,
518,lxnkf54X,,蚂蚁花呗 储蓄卡,14.9,,20200611,,,,,餐饮,,
519,lxnkf54X,,蚂蚁花呗 储蓄卡,21.8,,20200610,,,,,餐饮,,
520,lxnkf54X,,蚂蚁花呗 储蓄卡,31.5,,20200610,,,,,餐饮,,
521,lxnkf54X,,蚂蚁花呗 储蓄卡,19.3,,20200610,,,,,餐饮,,
522,lxnkf54X,,蚂蚁花呗 储蓄卡,3.0,,20200610,,,,,餐饮,,
523,lxnkf54X,,蚂蚁花呗 储蓄卡,20.0,,20200610,,,,,文教,,VPN
524,lxnkf54X,,蚂蚁花呗 储蓄卡,3.5,,20200610,,,,,餐饮,,
525,lxnkf54X,,农业银行 工资卡 6675,100.0,,20200610,,,,,交通,,充值交通卡
526,lxnkf54X,,微信钱包 HAN-MC,30.0,,20200610,,,,,住房,,小风扇
527,lxnkf54X,,蚂蚁花呗 储蓄卡,23.0,,20200609,,,,,餐饮,,
528,lxnkf54X,,蚂蚁花呗 储蓄卡,4.5,,20200609,,,,,餐饮,,
529,lxnkf54X,,蚂蚁花呗 储蓄卡,19.3,,20200608,,,,,餐饮,,
530,lxnkf54X,,蚂蚁花呗 储蓄卡,3.5,,20200608,,,,,餐饮,,
531,lxnkf54X,,农业银行 C位出道 3118,18.0,,20200607,,,,,日常琐碎,快递,
532,lxnkf54X,,蚂蚁花呗 储蓄卡,14.5,,20200607,,,,,交通,,
533,lxnkf54X,,蚂蚁花呗 储蓄卡,34.7,,20200607,,,,,人情,,
534,lxnkf54X,,蚂蚁花呗 储蓄卡,15.0,,20200606,,,,,交通,,
535,lxnkf54X,,蚂蚁花呗 储蓄卡,84.4,,20200606,,,,,餐饮,,
536,lxnkf54X,,蚂蚁花呗 储蓄卡,3.5,,20200605,,,,,餐饮,,
537,lxnkf54X,,蚂蚁花呗 储蓄卡,20.0,,20200605,,,,,餐饮,,
538,lxnkf54X,,蚂蚁花呗 储蓄卡,19.3,,20200605,,,,,餐饮,,
539,lxnkf54X,,蚂蚁花呗 储蓄卡,19.3,,20200604,,,,,餐饮,,
540,lxnkf54X,,蚂蚁花呗 储蓄卡,3.0,,20200604,,,,,餐饮,,
541,lxnkf54X,,蚂蚁花呗 储蓄卡,3.5,,20200604,,,,,餐饮,,
542,lxnkf54X,,微信钱包 HAN-MC,59.0,,20200604,,,,,住房,,水电
543,lxnkf54X,,蚂蚁花呗 储蓄卡,3.5,,20200603,,,,,餐饮,,
544,lxnkf54X,,农业银行 C位出道 3118,10.0,,20200603,,,,,餐饮,,
545,lxnkf54X,,蚂蚁花呗 储蓄卡,15.2,,20200603,,,,,餐饮,,
546,lxnkf54X,,京东白条 储蓄卡,70.0,,20200603,,,,,文教,,SD大卡
547,lxnkf54X,,蚂蚁花呗 储蓄卡,3.5,,20200602,,,,,餐饮,,
548,lxnkf54X,,蚂蚁花呗 储蓄卡,15.2,,20200602,,,,,餐饮,,
549,lxnkf54X,,农业银行 工资卡 6675,5.0,,20200601,,,,,餐饮,,
550,lxnkf54X,,蚂蚁花呗 储蓄卡,20.8,,20200601,,,,,餐饮,,
551,lxnkf54X,,蚂蚁花呗 储蓄卡,3.0,,20200601,,,,,餐饮,,
552,lxnkf54X,,蚂蚁花呗 储蓄卡,3.5,,20200601,,,,,餐饮,,
553,lxnkf54X,,蚂蚁花呗 储蓄卡,25.6,,20200601,,,,,餐饮,,
554,lxnkf54X,,蚂蚁花呗 储蓄卡,6.44,,20200531,,,,,餐饮,,
555,lxnkf54X,,蚂蚁花呗 储蓄卡,58.0,,20200531,,,,,日常琐碎,理发,
556,lxnkf54X,,蚂蚁花呗 储蓄卡,1.0,,20200531,,,,,文教,,
557,lxnkf54X,,蚂蚁花呗 储蓄卡,6.99,,20200531,,,,,文教,,
558,lxnkf54X,,蚂蚁花呗 储蓄卡,63.6,,20200529,,,,,文教,,wps会员一年
559,lxnkf54X,,蚂蚁花呗 储蓄卡,16.3,,20200529,,,,,餐饮,,
560,lxnkf54X,,蚂蚁花呗 储蓄卡,3.5,,20200529,,,,,餐饮,,
561,lxnkf54X,,农业银行 工资卡 6675,100.0,,20200529,,,,,交通,,交通卡充值
562,lxnkf54X,,公交卡 Apple Watch上海交通卡,46.1,,20200529,,,,,交通,,累计交通费用
563,lxnkf54X,,蚂蚁花呗 储蓄卡,71.78,,20200529,,,,,交通,,
564,lxnkf54X,,蚂蚁花呗 储蓄卡,12.74,,20200529,,,,,交通,,
565,lxnkf54X,,蚂蚁花呗 储蓄卡,17.9,,20200528,,,,,餐饮,,
566,lxnkf54X,,蚂蚁花呗 储蓄卡,4.0,,20200528,,,,,餐饮,,
567,lxnkf54X,,蚂蚁花呗 储蓄卡,24.86,,20200528,,,,,餐饮,,
568,lxnkf54X,,蚂蚁花呗 储蓄卡,91.12,,20200528,,,,,餐饮,,
569,lxnkf54X,,蚂蚁花呗 储蓄卡,4.0,,20200527,,,,,餐饮,,
570,lxnkf54X,,农业银行 C位出道 3118,19.9,,20200527,,,,,人情,,
571,lxnkf54X,,蚂蚁花呗 储蓄卡,15.9,,20200527,,,,,餐饮,,
572,lxnkf54X,,蚂蚁花呗 储蓄卡,12.0,,20200526,,,,,日常琐碎,快递,
573,lxnkf54X,,蚂蚁花呗 储蓄卡,14.88,,20200526,,,,,餐饮,,
574,lxnkf54X,,蚂蚁花呗 储蓄卡,3.5,,20200526,,,,,餐饮,,
575,lxnkf54X,,蚂蚁花呗 储蓄卡,8.0,,20200525,,,,,餐饮,,
576,lxnkf54X,,蚂蚁花呗 储蓄卡,5.51,,20200524,,,,,餐饮,,
577,lxnkf54X,,农业银行 C位出道 3118,9.0,,20200524,,,,,餐饮,,
578,lxnkf54X,,农业银行 C位出道 3118,168.0,,20200524,,,,,餐饮,,
579,lxnkf54X,,农业银行 C位出道 3118,299.0,,20200524,,,,,餐饮,,
580,lxnkf54X,,蚂蚁花呗 储蓄卡,8.36,,20200523,,,,,购物,日用,
581,lxnkf54X,,支付宝 韩梦成呀,12.0,,20200523,,,,,日常琐碎,快递,
582,lxnkf54X,,蚂蚁花呗 储蓄卡,26.13,,20200523,,,,,餐饮,,
583,lxnkf54X,,公交卡 Apple Watch上海交通卡,4.5,,20200522,,,,,交通,,
584,lxnkf54X,,公交卡 Apple Watch上海交通卡,4.5,,20200522,,,,,交通,,
585,lxnkf54X,,农业银行 C位出道 3118,4.0,,20200522,,,,,餐饮,,
586,lxnkf54X,,蚂蚁花呗 储蓄卡,99.0,,20200522,,,,,购物,日用,椅子
587,lxnkf54X,,蚂蚁花呗 储蓄卡,23.18,,20200522,,,,,餐饮,,
588,lxnkf54X,,蚂蚁花呗 储蓄卡,10.0,,20200522,,,,,餐饮,,
589,lxnkf54X,,蚂蚁花呗 储蓄卡,129.0,,20200522,,,,,文教,,
590,lxnkf54X,,公交卡 Apple Watch上海交通卡,4.5,,20200521,,,,,交通,,
591,lxnkf54X,,公交卡 Apple Watch上海交通卡,4.5,,20200521,,,,,交通,,
592,lxnkf54X,,蚂蚁花呗 储蓄卡,23.2,,20200521,,,,,餐饮,,
593,lxnkf54X,,蚂蚁花呗 储蓄卡,47.4,,20200521,,,,,餐饮,,
594,lxnkf54X,,微信钱包 HAN-MC,13.0,,20200520,,,,,餐饮,,
595,lxnkf54X,,公交卡 Apple Watch上海交通卡,4.0,,20200520,,,,,交通,,
596,lxnkf54X,,公交卡 Apple Watch上海交通卡,4.0,,20200520,,,,,交通,,
597,lxnkf54X,,公交卡 Apple Watch上海交通卡,4.0,,20200519,,,,,交通,,
598,lxnkf54X,,公交卡 Apple Watch上海交通卡,4.0,,20200519,,,,,交通,,
599,lxnkf54X,,蚂蚁花呗 储蓄卡,63.0,,20200519,,,,,文教,,鼠标
600,lxnkf54X,,蚂蚁花呗 储蓄卡,12.38,,20200519,,,,,餐饮,,
601,lxnkf54X,,蚂蚁花呗 储蓄卡,13.86,,20200519,,,,,餐饮,,
602,lxnkf54X,,农业银行 C位出道 3118,746.0,,20200519,,,,,购物,鞋服,
603,lxnkf54X,,微信钱包 HAN-MC,26.0,,20200519,,,,,餐饮,,
604,lxnkf54X,,蚂蚁花呗 储蓄卡,5.0,,20200518,,,,,文教,,
605,lxnkf54X,,公交卡 Apple Watch上海交通卡,4.0,,20200518,,,,,交通,,
606,lxnkf54X,,公交卡 Apple Watch上海交通卡,4.0,,20200518,,,,,交通,,
607,lxnkf54X,,蚂蚁花呗 储蓄卡,12.38,,20200518,,,,,餐饮,,
608,lxnkf54X,,微信钱包 HAN-MC,6.0,,20200517,,,,,日常琐碎,快递,
609,lxnkf54X,,京东白条 储蓄卡,1009.0,,20200517,,,,,人情,,菜菜礼物
610,lxnkf54X,,蚂蚁花呗 储蓄卡,9.0,,20200516,,,,,餐饮,,
611,lxnkf54X,,蚂蚁花呗 储蓄卡,30.82,,20200516,,,,,餐饮,,
612,lxnkf54X,,蚂蚁花呗 储蓄卡,16.36,,20200516,,,,,餐饮,,
613,lxnkf54X,,蚂蚁花呗 储蓄卡,2.0,,20200516,,,,,餐饮,,
614,lxnkf54X,,蚂蚁花呗 储蓄卡,9.0,,20200516,,,,,文教,,VPN
615,lxnkf54X,,蚂蚁花呗 储蓄卡,2.0,,20200516,,,,,文教,,Shadowrocket
616,lxnkf54X,,蚂蚁花呗 储蓄卡,16.44,,20200515,,,,,餐饮,,
617,lxnkf54X,,农业银行 C位出道 3118,6.5,,20200515,,,,,餐饮,,
618,lxnkf54X,,公交卡 Apple Watch上海交通卡,5.0,,20200515,,,,,餐饮,,
619,lxnkf54X,,公交卡 Apple Watch上海交通卡,5.0,,20200515,,,,,交通,,
620,lxnkf54X,,蚂蚁花呗 储蓄卡,13.36,,20200514,,,,,餐饮,,
621,lxnkf54X,,蚂蚁花呗 储蓄卡,17.4,,20200514,,,,,餐饮,,
622,lxnkf54X,,农业银行 C位出道 3118,4.0,,20200514,,,,,餐饮,,
623,lxnkf54X,,公交卡 Apple Watch上海交通卡,5.0,,20200514,,,,,交通,,
624,lxnkf54X,,公交卡 Apple Watch上海交通卡,5.0,,20200514,,,,,交通,,
625,lxnkf54X,,农业银行 C位出道 3118,4.0,,20200513,,,,,餐饮,,
626,lxnkf54X,,公交卡 Apple Watch上海交通卡,5.0,,20200513,,,,,交通,,
627,lxnkf54X,,蚂蚁花呗 储蓄卡,13.4,,20200513,,,,,餐饮,,
628,lxnkf54X,,蚂蚁花呗 储蓄卡,12.8,,20200513,,,,,文教,,
629,lxnkf54X,,微信钱包 HAN-MC,19.0,,20200513,,,,,日常琐碎,快递,
630,lxnkf54X,,公交卡 Apple Watch上海交通卡,5.0,,20200513,,,,,交通,,
631,lxnkf54X,,蚂蚁花呗 储蓄卡,15.9,,20200512,,,,,餐饮,,
632,lxnkf54X,,蚂蚁花呗 储蓄卡,5.0,,20200512,,,,,餐饮,,
633,lxnkf54X,,公交卡 Apple Watch上海交通卡,5.0,,20200512,,,,,交通,,
634,lxnkf54X,,蚂蚁花呗 储蓄卡,21.0,,20200512,,,,,餐饮,,
635,lxnkf54X,,公交卡 Apple Watch上海交通卡,5.0,,20200512,,,,,交通,,
636,lxnkf54X,,公交卡 Apple Watch上海交通卡,5.0,,20200511,,,,,交通,,
637,lxnkf54X,,公交卡 Apple Watch上海交通卡,5.0,,20200511,,,,,交通,,
638,lxnkf54X,,蚂蚁花呗 储蓄卡,16.9,,20200511,,,,,餐饮,,
639,lxnkf54X,,蚂蚁花呗 储蓄卡,18.9,,20200511,,,,,文教,,
640,lxnkf54X,,蚂蚁花呗 储蓄卡,22.0,,20200510,,,,,餐饮,,
641,lxnkf54X,,蚂蚁花呗 储蓄卡,947.0,,20200510,,,,,购物,鞋服,
642,lxnkf54X,,公交卡 Apple Watch上海交通卡,5.0,,20200509,,,,,交通,,
643,lxnkf54X,,公交卡 Apple Watch上海交通卡,5.0,,20200509,,,,,交通,,
644,lxnkf54X,,工商银行 投资资金池 东方财富 0282,36.32,,20200509,,,,,利息支出,,手续费
645,lxnkf54X,,蚂蚁花呗 储蓄卡,1.5,,20200509,,,,,交通,,
646,lxnkf54X,,蚂蚁花呗 储蓄卡,1.5,,20200509,,,,,交通,,
647,lxnkf54X,,蚂蚁花呗 储蓄卡,9.9,,20200509,,,,,交通,,
648,lxnkf54X,,蚂蚁花呗 储蓄卡,23.0,,20200509,,,,,餐饮,,
649,lxnkf54X,,蚂蚁花呗 储蓄卡,4.0,,20200509,,,,,餐饮,,
650,lxnkf54X,,蚂蚁花呗 储蓄卡,19.0,,20200509,,,,,餐饮,,
651,lxnkf54X,,蚂蚁花呗 储蓄卡,25.26,,20200508,,,,,餐饮,,
652,lxnkf54X,,蚂蚁花呗 储蓄卡,120.85,,20200508,,,,,零食烟酒,,水果
653,lxnkf54X,,微信钱包 HAN-MC,120.0,,20200507,,,,,零食烟酒,,
654,lxnkf54X,,蚂蚁花呗 储蓄卡,200.0,,20200507,,,,,零食烟酒,,蛋糕
655,lxnkf54X,,蚂蚁花呗 储蓄卡,4.0,,20200507,,,,,餐饮,,
656,lxnkf54X,,蚂蚁花呗 储蓄卡,27.25,,20200507,,,,,餐饮,,
657,lxnkf54X,,支付宝 韩梦成呀,14.9,,20200506,,,,,餐饮,,
658,lxnkf54X,,微信钱包 HAN-MC,8.0,,20200506,,,,,文教,,党费
659,lxnkf54X,,蚂蚁花呗 储蓄卡,22.76,,20200505,,,,,餐饮,,
660,lxnkf54X,,蚂蚁花呗 储蓄卡,23.76,,20200505,,,,,餐饮,,
661,lxnkf54X,,蚂蚁花呗 储蓄卡,6.12,,20200505,,,,,餐饮,,
662,lxnkf54X,,蚂蚁花呗 储蓄卡,15.0,,20200505,,,,,餐饮,,
663,lxnkf54X,,蚂蚁花呗 储蓄卡,2.0,,20200504,,,,,餐饮,,
664,lxnkf54X,,蚂蚁花呗 储蓄卡,30.33,,20200504,,,,,餐饮,,
665,lxnkf54X,,蚂蚁花呗 储蓄卡,4.0,,20200503,,,,,餐饮,,
666,lxnkf54X,,蚂蚁花呗 储蓄卡,35.09,,20200503,,,,,餐饮,,
667,lxnkf54X,,微信钱包 HAN-MC,555.0,,20200503,,,,,住房,,除湿机
668,lxnkf54X,,蚂蚁花呗 储蓄卡,17.9,,20200502,,,,,餐饮,,
669,lxnkf54X,,蚂蚁花呗 储蓄卡,21.9,,20200502,,,,,餐饮,,
670,lxnkf54X,,蚂蚁花呗 储蓄卡,5.0,,20200502,,,,,餐饮,,
671,lxnkf54X,,蚂蚁花呗 储蓄卡,16.76,,20200501,,,,,餐饮,,
672,lxnkf54X,,蚂蚁花呗 储蓄卡,118.0,,20200501,,,,,娱乐,游戏,
673,lxnkf54X,,蚂蚁花呗 储蓄卡,678.0,,20200501,,,,,餐饮,,聚餐
674,lxnkf54X,,蚂蚁花呗 储蓄卡,19.0,,20200430,,,,,餐饮,,
675,lxnkf54X,,蚂蚁花呗 储蓄卡,63.59,,20200429,,,,,餐饮,,
676,lxnkf54X,,蚂蚁花呗 储蓄卡,31.0,,20200428,,,,,医疗,,皮炎平
677,lxnkf54X,,蚂蚁花呗 储蓄卡,12.8,,20200428,,,,,医疗,,创可贴
678,lxnkf54X,,微信钱包 HAN-MC,29.5,,20200428,,,,,餐饮,,
679,lxnkf54X,,蚂蚁花呗 储蓄卡,19.9,,20200428,,,,,餐饮,,果酱
680,lxnkf54X,,蚂蚁花呗 储蓄卡,26.9,,20200428,,,,,餐饮,,面包
681,lxnkf54X,,蚂蚁花呗 储蓄卡,178.74,,20200428,,,,,餐饮,,牛奶
682,lxnkf54X,,蚂蚁花呗 储蓄卡,69.0,,20200428,,,,,住房,,烤面包机
683,lxnkf54X,,蚂蚁花呗 储蓄卡,109.0,,20200427,,,,,购物,玩具,
684,lxnkf54X,,蚂蚁花呗 储蓄卡,46.0,,20200427,,,,,餐饮,,
685,lxnkf54X,,蚂蚁花呗 储蓄卡,98.27,,20200427,,,,,购物,日用,
686,lxnkf54X,,京东白条 储蓄卡,270.99,,20200427,,,,,住房,,购买厨具
687,lxnkf54X,,蚂蚁花呗 储蓄卡,14.0,,20200426,,,,,住房,,
688,lxnkf54X,,蚂蚁花呗 储蓄卡,6.0,,20200426,,,,,文教,,复印
689,lxnkf54X,,蚂蚁花呗 储蓄卡,62.0,,20200426,,,,,餐饮,,
690,lxnkf54X,,蚂蚁花呗 储蓄卡,16.9,,20200426,,,,,购物,日用,
691,lxnkf54X,,蚂蚁花呗 储蓄卡,32.3,,20200426,,,,,住房,,
692,lxnkf54X,,公交卡 Apple Watch上海交通卡,18.0,,20200426,,,,,交通,,
693,lxnkf54X,,蚂蚁花呗 储蓄卡,82.0,,20200426,,,,,餐饮,,
694,lxnkf54X,,蚂蚁花呗 储蓄卡,49.0,,20200425,,,,,通讯,,充话费
695,lxnkf54X,,蚂蚁花呗 储蓄卡,139.0,,20200425,,,,,餐饮,,
696,lxnkf54X,,蚂蚁花呗 储蓄卡,19.0,,20200425,,,,,餐饮,,
697,lxnkf54X,,蚂蚁花呗 储蓄卡,39.9,,20200425,,,,,住房,,
698,lxnkf54X,,蚂蚁花呗 储蓄卡,10.0,,20200424,,,,,餐饮,,
699,lxnkf54X,,蚂蚁花呗 储蓄卡,38.0,,20200424,,,,,餐饮,,
700,lxnkf54X,,蚂蚁花呗 储蓄卡,202.73,,20200424,,,,,购物,日用,
701,lxnkf54X,,蚂蚁花呗 储蓄卡,38.0,,20200424,,,,,住房,,
702,lxnkf54X,,蚂蚁花呗 储蓄卡,23.9,,20200424,,,,,住房,,
703,lxnkf54X,,蚂蚁花呗 储蓄卡,79.0,,20200424,,,,,购物,日用,拖把
704,lxnkf54X,,蚂蚁花呗 储蓄卡,1180.0,,20200424,,,,,通讯,,网络宽带
705,lxnkf54X,,蚂蚁花呗 储蓄卡,343.65,,20200424,,,,,购物,日用,
706,lxnkf54X,,蚂蚁花呗 储蓄卡,12.6,,20200424,,,,,交通,,
707,lxnkf54X,,蚂蚁花呗 储蓄卡,30.0,,20200424,,,,,零食烟酒,,
708,lxnkf54X,,蚂蚁花呗 储蓄卡,99.0,,20200424,,,,,购物,电器,
709,lxnkf54X,,蚂蚁花呗 储蓄卡,17.0,,20200423,,,,,餐饮,,
710,lxnkf54X,,蚂蚁花呗 储蓄卡,9.0,,20200423,,,,,零食烟酒,,
711,lxnkf54X,,蚂蚁花呗 储蓄卡,53.26,,20200423,,,,,购物,数码,Apple Watch表带
712,lxnkf54X,,工商银行 投资资金池 东方财富 0282,20.0,,20200423,,,,,交通,,交通卡办卡
713,lxnkf54X,,公交卡 Apple Watch 北京交通卡,3.6,,20200423,,,,,资金调整,,退卡
714,lxnkf54X,,微信钱包 HAN-MC,1.0,,20200423,,,,,日常琐碎,快递,
715,lxnkf54X,,公交卡 Apple Watch上海交通卡,6.0,,20200423,,,,,交通,,
716,lxnkf54X,,蚂蚁花呗 储蓄卡,15.0,,20200422,,,,,日常琐碎,理发,
717,lxnkf54X,,微信钱包 HAN-MC,8.0,,20200422,,,,,餐饮,,买菜
718,lxnkf54X,,蚂蚁花呗 储蓄卡,11.0,,20200421,,,,,零食烟酒,,买水
719,lxnkf54X,,蚂蚁花呗 储蓄卡,40.0,,20200421,,,,,娱乐,,买风筝
720,lxnkf54X,,蚂蚁花呗 储蓄卡,2.0,,20200421,,,,,日常琐碎,,共享充电宝
721,lxnkf54X,,蚂蚁花呗 储蓄卡,100.0,,20200421,,,,,人情,,给老师买礼物
722,lxnkf54X,,蚂蚁花呗 储蓄卡,330.0,,20200421,,,,,餐饮,,聚餐
723,lxnkf54X,,蚂蚁花呗 储蓄卡,1199.0,,20200421,,,,,文教,,Smart Keyboard
724,lxnkf54X,,蚂蚁花呗 储蓄卡,5.0,,20200419,,,,,餐饮,,
725,lxnkf54X,,蚂蚁花呗 储蓄卡,1.0,,20200418,,,,,购物,,特斯拉试驾
726,lxnkf54X,,蚂蚁花呗 储蓄卡,3.0,,20200418,,,,,交通,,
727,lxnkf54X,,蚂蚁花呗 储蓄卡,29.0,,20200418,,,,,购物,日用,干洗费用
728,lxnkf54X,,蚂蚁花呗 储蓄卡,2.0,,20200418,,,,,交通,,
729,lxnkf54X,,蚂蚁花呗 储蓄卡,2.0,,20200418,,,,,交通,,
730,lxnkf54X,,蚂蚁花呗 储蓄卡,5.0,,20200418,,,,,娱乐,AppleMusic,
731,lxnkf54X,,蚂蚁花呗 储蓄卡,17.0,,20200418,,,,,餐饮,,
732,lxnkf54X,,蚂蚁花呗 储蓄卡,4.0,,20200417,,,,,交通,,
733,lxnkf54X,,蚂蚁花呗 储蓄卡,4.0,,20200417,,,,,交通,,
734,lxnkf54X,,蚂蚁花呗 储蓄卡,4.0,,20200416,,,,,交通,,
735,lxnkf54X,,蚂蚁花呗 储蓄卡,191.0,,20200416,,,,,餐饮,,生日蛋糕
736,lxnkf54X,,蚂蚁花呗 储蓄卡,4.0,,20200416,,,,,交通,,
737,lxnkf54X,,蚂蚁花呗 储蓄卡,2199.0,,20200415,,,,,文教,,iPad键盘
738,lxnkf54X,,蚂蚁花呗 储蓄卡,55.0,,20200415,,,,,餐饮,,
739,lxnkf54X,,蚂蚁花呗 储蓄卡,4.0,,20200415,,,,,交通,,
740,lxnkf54X,,蚂蚁花呗 储蓄卡,4.0,,20200415,,,,,交通,,
741,lxnkf54X,,蚂蚁花呗 储蓄卡,375.5,,20200414,,,,,交通,,
742,lxnkf54X,,蚂蚁花呗 储蓄卡,4.0,,20200414,,,,,交通,,
743,lxnkf54X,,蚂蚁花呗 储蓄卡,11.48,,20200414,,,,,餐饮,,
744,lxnkf54X,,蚂蚁花呗 储蓄卡,4.0,,20200414,,,,,交通,,
745,lxnkf54X,,蚂蚁花呗 储蓄卡,4.0,,20200413,,,,,交通,,
746,lxnkf54X,,蚂蚁花呗 储蓄卡,17.4,,20200413,,,,,餐饮,,
747,lxnkf54X,,蚂蚁花呗 储蓄卡,4.0,,20200413,,,,,交通,,
748,lxnkf54X,,蚂蚁花呗 储蓄卡,4.0,,20200412,,,,,交通,,
749,lxnkf54X,,蚂蚁花呗 储蓄卡,4.0,,20200412,,,,,交通,,
750,lxnkf54X,,蚂蚁花呗 储蓄卡,13.8,,20200411,,,,,餐饮,,
751,lxnkf54X,,蚂蚁花呗 储蓄卡,999.0,,20200411,,,,,购物,数码,Apple Care
752,lxnkf54X,,蚂蚁花呗 储蓄卡,68.0,,20200410,,,,,娱乐,游戏,
753,lxnkf54X,,蚂蚁花呗 储蓄卡,4.0,,20200410,,,,,交通,,
754,lxnkf54X,,蚂蚁花呗 储蓄卡,4.0,,20200410,,,,,交通,,
755,lxnkf54X,,蚂蚁花呗 储蓄卡,4.0,,20200409,,,,,交通,,
756,lxnkf54X,,蚂蚁花呗 储蓄卡,4.0,,20200409,,,,,交通,,
757,lxnkf54X,,蚂蚁花呗 储蓄卡,3.0,,20200408,,,,,交通,,
758,lxnkf54X,,蚂蚁花呗 储蓄卡,4.0,,20200408,,,,,交通,,
759,lxnkf54X,,蚂蚁花呗 储蓄卡,10.5,,20200407,,,,,餐饮,,
760,lxnkf54X,,蚂蚁花呗 储蓄卡,29.2,,20200407,,,,,餐饮,,
761,lxnkf54X,,蚂蚁花呗 储蓄卡,34.8,,20200407,,,,,购物,日用,
762,lxnkf54X,,蚂蚁花呗 储蓄卡,22.78,,20200407,,,,,餐饮,,
763,lxnkf54X,,蚂蚁花呗 储蓄卡,4.0,,20200407,,,,,交通,,
764,lxnkf54X,,蚂蚁花呗 储蓄卡,4.0,,20200407,,,,,交通,,
765,lxnkf54X,,蚂蚁花呗 储蓄卡,1.0,,20200406,,,,,购物,日用,
766,lxnkf54X,,蚂蚁花呗 储蓄卡,49.5,,20200406,,,,,通讯,,
767,lxnkf54X,,蚂蚁花呗 储蓄卡,20.28,,20200406,,,,,餐饮,,
768,lxnkf54X,,蚂蚁花呗 储蓄卡,3.0,,20200406,,,,,交通,,
769,lxnkf54X,,蚂蚁花呗 储蓄卡,1.5,,20200406,,,,,交通,,
770,lxnkf54X,,蚂蚁花呗 储蓄卡,3.0,,20200406,,,,,交通,,
771,lxnkf54X,,蚂蚁花呗 储蓄卡,13.8,,20200405,,,,,餐饮,,
772,lxnkf54X,,蚂蚁花呗 储蓄卡,23.2,,20200405,,,,,餐饮,,
773,lxnkf54X,,蚂蚁花呗 储蓄卡,20.4,,20200404,,,,,餐饮,,
774,lxnkf54X,,蚂蚁花呗 储蓄卡,18.28,,20200404,,,,,餐饮,,
775,lxnkf54X,,蚂蚁花呗 储蓄卡,4.0,,20200403,,,,,交通,,
776,lxnkf54X,,蚂蚁花呗 储蓄卡,4.0,,20200403,,,,,交通,,
777,lxnkf54X,,蚂蚁花呗 储蓄卡,10.0,,20200403,,,,,餐饮,,饿了么会员
778,lxnkf54X,,蚂蚁花呗 储蓄卡,12.8,,20200403,,,,,餐饮,,
779,lxnkf54X,,蚂蚁花呗 储蓄卡,4.0,,20200402,,,,,交通,,
780,lxnkf54X,,蚂蚁花呗 储蓄卡,4.0,,20200402,,,,,交通,,
781,lxnkf54X,,蚂蚁花呗 储蓄卡,3.0,,20200401,,,,,交通,,
782,lxnkf54X,,蚂蚁花呗 储蓄卡,4.0,,20200401,,,,,交通,,
783,lxnkf54X,,蚂蚁花呗 储蓄卡,3.0,,20200331,,,,,交通,,
784,lxnkf54X,,蚂蚁花呗 储蓄卡,3.0,,20200331,,,,,交通,,
785,lxnkf54X,,蚂蚁花呗 储蓄卡,45.9,,20200331,,,,,餐饮,,
786,lxnkf54X,,蚂蚁花呗 储蓄卡,3.0,,20200330,,,,,交通,,
787,lxnkf54X,,蚂蚁花呗 储蓄卡,3.0,,20200330,,,,,交通,,
788,lxnkf54X,,蚂蚁花呗 储蓄卡,3.0,,20200329,,,,,交通,,
789,lxnkf54X,,蚂蚁花呗 储蓄卡,375.5,,20200329,,,,,交通,,
790,lxnkf54X,,蚂蚁花呗 储蓄卡,1.5,,20200328,,,,,交通,,
791,lxnkf54X,,支付宝 韩梦成呀,100.0,,20200328,,,,,餐饮,,约饭
792,lxnkf54X,,蚂蚁花呗 储蓄卡,6.0,,20200328,,,,,娱乐,AppleMusic,
793,lxnkf54X,,蚂蚁花呗 储蓄卡,20.9,,20200328,,,,,餐饮,,
794,lxnkf54X,,蚂蚁花呗 储蓄卡,6.0,,20200328,,,,,文教,,
795,lxnkf54X,,蚂蚁花呗 储蓄卡,60.0,,20200328,,,,,文教,,
796,lxnkf54X,,蚂蚁花呗 储蓄卡,5.0,,20200327,,,,,住房,,门禁卡
797,lxnkf54X,,蚂蚁花呗 储蓄卡,53.8,,20200327,,,,,购物,数码,
798,lxnkf54X,,蚂蚁花呗 储蓄卡,3.0,,20200327,,,,,交通,,
799,lxnkf54X,,蚂蚁花呗 储蓄卡,40.0,,20200327,,,,,餐饮,,买水果
800,lxnkf54X,,蚂蚁花呗 储蓄卡,55.0,,20200326,,,,,购物,数码,
801,lxnkf54X,,蚂蚁花呗 储蓄卡,68.0,,20200326,,,,,文教,,
802,lxnkf54X,,蚂蚁花呗 储蓄卡,50.0,,20200326,,,,,文教,,
803,lxnkf54X,,蚂蚁花呗 储蓄卡,12.26,,20200326,,,,,交通,,
804,lxnkf54X,,蚂蚁花呗 储蓄卡,6629.0,,20200326,,,,,购物,数码,iPad
805,lxnkf54X,,蚂蚁花呗 储蓄卡,19.5,,20200325,,,,,餐饮,,
806,lxnkf54X,,蚂蚁花呗 储蓄卡,20.0,,20200325,,,,,日常琐碎,理发,
807,lxnkf54X,,蚂蚁花呗 储蓄卡,0.1,,20200325,,,,,交通,,
808,lxnkf54X,,蚂蚁花呗 储蓄卡,4.0,,20200325,,,,,交通,,
809,lxnkf54X,,蚂蚁花呗 储蓄卡,107.0,,20200324,,,,,交通,,
810,lxnkf54X,,蚂蚁花呗 储蓄卡,53.0,,20200324,,,,,餐饮,,
811,lxnkf54X,,蚂蚁花呗 储蓄卡,14.0,,20200324,,,,,娱乐,游戏,
812,lxnkf54X,,蚂蚁花呗 储蓄卡,14.9,,20200321,,,,,餐饮,,
813,lxnkf54X,,微信钱包 HAN-MC,13.0,,20200321,,,,,日常琐碎,快递,
814,lxnkf54X,,蚂蚁花呗 储蓄卡,5.0,,20200318,,,,,娱乐,AppleMusic,
815,lxnkf54X,,蚂蚁花呗 储蓄卡,134.0,,20200317,,,,,育儿,,玩具
816,lxnkf54X,,蚂蚁花呗 储蓄卡,198.0,,20200308,,,,,娱乐,游戏,
817,lxnkf54X,,微信钱包 HAN-MC,20.0,,20200303,,,,,人情,捐款,
818,lxnkf54X,,蚂蚁花呗 储蓄卡,972.58,,20200301,,,,,资金调整,资金调整,
819,lxnkf54X,,微信钱包 HAN-MC,77.6,,20201227,,,,,退款,,
820,lxnkf54X,,微信钱包 HAN-MC,336.0,,20201227,,,,,退款,,
821,lxnkf54X,,微信钱包 HAN-MC,30.0,,20201227,,,,,退款,,
822,lxnkf54X,,农业银行 漂亮妈妈 9132,71.1,,20201225,,,,,退款,,
823,lxnkf54X,,微信钱包 HAN-MC,3.0,,20201221,,,,,退款,,
824,lxnkf54X,,微信钱包 HAN-MC,40.0,,20201221,,,,,意外所得,微信红包,妈妈(^O^)
825,lxnkf54X,,农业银行 漂亮妈妈 9132,6999.0,,20201214,,,,,退款,,
826,lxnkf54X,,微信钱包 HAN-MC,5.0,,20201212,,,,,退款,,
827,lxnkf54X,,农业银行 漂亮妈妈 9132,24.0,,20201212,,,,,退款,,
828,lxnkf54X,,农业银行 工资卡 6675,21700.0,,20201210,,,,,薪资,,
829,lxnkf54X,,微信钱包 HAN-MC,14.0,,20201209,,,,,退款,,
830,lxnkf54X,,微信钱包 HAN-MC,10.0,,20201206,,,,,退款,,
831,lxnkf54X,,农业银行 漂亮妈妈 9132,1714.3,,20201127,,,,,退款,,
832,lxnkf54X,,农业银行 漂亮妈妈 9132,1714.3,,20201126,,,,,退款,,
833,lxnkf54X,,微信钱包 HAN-MC,43.0,,20201123,,,,,退款,,
834,lxnkf54X,,微信钱包 HAN-MC,50.0,,20201122,,,,,退款,,
835,lxnkf54X,,微信钱包 HAN-MC,80.0,,20201117,,,,,退款,,
836,lxnkf54X,,招商银行 星座卡 7296,1029.9,,20201116,,,,,退款,,
837,lxnkf54X,,微信钱包 HAN-MC,368.35,,20201114,,,,,退款,,
838,lxnkf54X,,农业银行 工资卡 6675,7752.0,,20201110,,,,,薪资,,
839,lxnkf54X,,支付宝 韩梦成呀,1030.0,,20201108,,,,,退款,二手,
840,lxnkf54X,,支付宝 韩梦成呀,232.0,,20201108,,,,,退款,二手,
841,lxnkf54X,,农业银行 漂亮妈妈 9132,64.0,,20201030,,,,,退款,,
842,lxnkf54X,,支付宝 韩梦成呀,420.0,,20201014,,,,,退款,,
843,lxnkf54X,,农业银行 工资卡 6675,7953.4,,20201010,,,,,薪资,,
844,lxnkf54X,,微信钱包 HAN-MC,6.5,,20200911,,,,,退款,,
845,lxnkf54X,,农业银行 工资卡 6675,7904.28,,20200910,,,,,薪资,,
846,lxnkf54X,,微信钱包 HAN-MC,112.5,,20200909,,,,,退款,,
847,lxnkf54X,,农业银行 C位出道 3118,4.0,,20200907,,,,,退款,,
848,lxnkf54X,,微信钱包 HAN-MC,1278.5,,20200906,,,,,退款,,
849,lxnkf54X,,农业银行 工资卡 6675,8378.86,,20200904,,,,,薪资,,
850,lxnkf54X,,微信钱包 HAN-MC,11.0,,20200831,,,,,退款,,
851,lxnkf54X,,微信钱包 HAN-MC,6.0,,20200821,,,,,退款,,
852,lxnkf54X,,农业银行 工资卡 6675,7904.27,,20200810,,,,,薪资,,
853,lxnkf54X,,微信钱包 HAN-MC,36.5,,20200810,,,,,退款,,
854,lxnkf54X,,微信钱包 HAN-MC,50.0,,20200810,,,,,意外所得,,
855,lxnkf54X,,农业银行 C位出道 3118,79.0,,20200808,,,,,退款,,
856,lxnkf54X,,微信钱包 HAN-MC,37.5,,20200802,,,,,退款,,
857,lxnkf54X,,微信钱包 HAN-MC,12.0,,20200731,,,,,退款,,
858,lxnkf54X,,微信钱包 HAN-MC,11.5,,20200731,,,,,退款,,
859,lxnkf54X,,微信钱包 HAN-MC,11.0,,20200731,,,,,退款,,
860,lxnkf54X,,微信钱包 HAN-MC,15.0,,20200729,,,,,退款,,
861,lxnkf54X,,微信钱包 HAN-MC,15.0,,20200723,,,,,退款,,
862,lxnkf54X,,微信钱包 HAN-MC,28.0,,20200723,,,,,退款,,
863,lxnkf54X,,支付宝 韩梦成呀,2400.0,,20200718,,,,,退款,二手,
864,lxnkf54X,,农业银行 工资卡 6675,7952.78,,20200710,,,,,薪资,,
865,lxnkf54X,,农业银行 C位出道 3118,3.2,,20200709,,,,,意外所得,,
866,lxnkf54X,,农业银行 C位出道 3118,257.56,,20200708,,,,,退款,,
867,lxnkf54X,,农业银行 C位出道 3118,1.18,,20200704,,,,,意外所得,,
868,lxnkf54X,,微信钱包 HAN-MC,10.51,,20200703,,,,,意外所得,微信红包,
869,lxnkf54X,,农业银行 工资卡 6675,2.0,,20200627,,,,,退款,,
870,lxnkf54X,,微信钱包 HAN-MC,24.68,,20200626,,,,,其他,,aa
871,lxnkf54X,,农业银行 C位出道 3118,118.0,,20200625,,,,,退款,,
872,lxnkf54X,,农业银行 C位出道 3118,299.0,,20200625,,,,,退款,,
873,lxnkf54X,,农业银行 C位出道 3118,79.0,,20200625,,,,,退款,,
874,lxnkf54X,,农业银行 C位出道 3118,178.0,,20200623,,,,,退款,,
875,lxnkf54X,,微信钱包 HAN-MC,6.75,,20200614,,,,,意外所得,微信红包,
876,lxnkf54X,,农业银行 工资卡 6675,7952.78,,20200610,,,,,薪资,,
877,lxnkf54X,,微信钱包 HAN-MC,299.0,,20200606,,,,,退款,,摩拜单车押金退还
878,lxnkf54X,,微信钱包 HAN-MC,20.61,,20200601,,,,,意外所得,微信红包,
879,lxnkf54X,,微信钱包 HAN-MC,22.0,,20200601,,,,,意外所得,微信红包,
880,lxnkf54X,,支付宝 韩梦成呀,10.0,,20200527,,,,,意外所得,,
881,lxnkf54X,,蚂蚁花呗 储蓄卡,129.0,,20200526,,,,,退款,,
882,lxnkf54X,,蚂蚁花呗 储蓄卡,63.0,,20200523,,,,,退款,,
883,lxnkf54X,,支付宝 韩梦成呀,20.0,,20200519,,,,,退款,,邮费补退
884,lxnkf54X,,微信钱包 HAN-MC,16.0,,20200517,,,,,意外所得,微信红包,
885,lxnkf54X,,农业银行 工资卡 6675,10871.25,,20200509,,,,,薪资,,
886,lxnkf54X,,工商银行 投资资金池 东方财富 0282,40000.0,,20200509,,,,,其他,,初始投资基金
887,lxnkf54X,,蚂蚁花呗 储蓄卡,53.26,,20200509,,,,,退款,,
888,lxnkf54X,,蚂蚁花呗 储蓄卡,2199.0,,20200507,,,,,退款,,
889,lxnkf54X,,微信钱包 HAN-MC,15.57,,20200504,,,,,意外所得,微信红包,
890,lxnkf54X,,蚂蚁花呗 储蓄卡,79.0,,20200429,,,,,退款,,
891,lxnkf54X,,蚂蚁花呗 储蓄卡,3.0,,20200427,,,,,意外所得,,
892,lxnkf54X,,现金钱包 小钱包,600.0,,20200423,,,,,其他,,妈妈给的
893,lxnkf54X,,蚂蚁花呗 储蓄卡,999.0,,20200422,,,,,退款,,
894,lxnkf54X,,微信钱包 HAN-MC,9.2,,20200418,,,,,意外所得,微信红包,
895,lxnkf54X,,微信钱包 HAN-MC,26.66,,20200415,,,,,意外所得,微信红包,公众号推文奖金
896,lxnkf54X,,蚂蚁花呗 储蓄卡,375.5,,20200415,,,,,退款,,
897,lxnkf54X,,蚂蚁花呗 储蓄卡,375.5,,20200414,,,,,退款,,
898,lxnkf54X,,微信钱包 HAN-MC,120.0,,20200414,,,,,意外所得,微信红包,
899,lxnkf54X,,微信钱包 HAN-MC,40.0,,20200410,,,,,意外所得,微信红包,
900,lxnkf54X,,蚂蚁花呗 储蓄卡,27.0,,20200404,,,,,退款,,
901,lxnkf54X,,支付宝 韩梦成呀,8000.0,,20200403,,,,,其他,,退税
902,lxnkf54X,,蚂蚁花呗 储蓄卡,12.0,,20200326,,,,,退款,,运费险
903,lxnkf54X,,支付宝 韩梦成呀,2000.0,,20200325,,,,,其他,,老爹赞助
904,lxnkf54X,,蚂蚁花呗 储蓄卡,1000.0,,20200324,,,,,退款,,
905,lxnkf54X,,微信钱包 HAN-MC,7.35,,20200316,,,,,意外所得,微信红包,
906,lxnkf54X,,支付宝 韩梦成呀,100.0,,20200313,,,,,意外所得,,淘宝维权成功
907,lxnkf54X,,支付宝 韩梦成呀,6258.0,,20200313,,,,,退款,,iPad 淘宝退款
908,lxnkf54X,,支付宝 韩梦成呀,119.2,,20201220,,,蚂蚁花呗 信用卡,,还信用卡,,
909,lxnkf54X,,农业银行 工资卡 6675,8701.82,,20201211,,,工商银行 投资资金池 东方财富 0282,,内部转账,,
910,lxnkf54X,,农业银行 工资卡 6675,8000.0,,20201211,,,工商银行 投资资金池 天天基金,,内部转账,,
911,lxnkf54X,,农业银行 工资卡 6675,5000.0,,20201211,,,支付宝 韩梦成呀,,内部转账,,
912,lxnkf54X,,支付宝 韩梦成呀,5000.0,,20201211,,,我的应收 ,,借出,,
913,lxnkf54X,,微信钱包 HAN-MC,10.78,,20201210,,,美团月付 信用卡,,还信用卡,,
914,lxnkf54X,,支付宝 韩梦成呀,675.0,,20201204,,,招商银行 星座卡 7296,,还信用卡,,
915,lxnkf54X,,支付宝 韩梦成呀,367.18,,20201203,,,农业银行 C位出道 3118,,还信用卡,,
916,lxnkf54X,,支付宝 韩梦成呀,5000.0,,20201130,,,农业银行 漂亮妈妈 9132,,还信用卡,,
917,lxnkf54X,,工商银行 投资资金池 天天基金,3115.0,,20201130,,,农业银行 漂亮妈妈 9132,,还信用卡,,
918,lxnkf54X,,工商银行 投资资金池 天天基金,1886.0,,20201130,,,支付宝 韩梦成呀,,内部转账,,
919,lxnkf54X,,支付宝 韩梦成呀,1934.54,,20201129,,,京东白条 信用卡,,还信用卡,,
920,lxnkf54X,,农业银行 工资卡 6675,6852.22,,20201110,,,支付宝 韩梦成呀,,内部转账,,
921,lxnkf54X,,支付宝 韩梦成呀,1970.0,,20201103,,,农业银行 C位出道 3118,,还信用卡,,
922,lxnkf54X,,支付宝 韩梦成呀,727.0,,20201030,,,农业银行 漂亮妈妈 9132,,还信用卡,,
923,lxnkf54X,,我的应收 ,35.0,,20201030,,,微信钱包 HAN-MC,,收债,,
924,lxnkf54X,,支付宝 韩梦成呀,1880.0,,20201029,,,京东白条 信用卡,,还信用卡,,
925,lxnkf54X,,支付宝 韩梦成呀,194.58,,20201014,,,蚂蚁花呗 信用卡,,还信用卡,,
926,lxnkf54X,,工商银行 储蓄卡 0282,5599.84,,20201013,,,工商银行 投资资金池 东方财富 0282,,内部转账,,
927,lxnkf54X,,农业银行 工资卡 6675,7953.4,,20201013,,,工商银行 投资资金池 东方财富 0282,,内部转账,,
928,lxnkf54X,,农业银行 工资卡 6675,7904.28,,20200910,,,支付宝 韩梦成呀,,内部转账,,
929,lxnkf54X,,微信钱包 HAN-MC,1000.0,,20200906,,,支付宝 韩梦成呀,,内部转账,,
930,lxnkf54X,,农业银行 C位出道 3118,285.0,,20200906,,,蚂蚁花呗 信用卡,,内部转账,,
931,lxnkf54X,,农业银行 工资卡 6675,8378.86,,20200906,,,支付宝 韩梦成呀,,内部转账,,
932,lxnkf54X,,支付宝 韩梦成呀,2716.12,,20200903,,,农业银行 C位出道 3118,,还信用卡,,
933,lxnkf54X,,蚂蚁花呗 信用卡,488.3,,20200830,,,农业银行 漂亮妈妈 9132,,内部转账,,
934,lxnkf54X,,支付宝 韩梦成呀,1879.92,,20200829,,,京东白条 信用卡,,还信用卡,,
935,lxnkf54X,,支付宝 韩梦成呀,358.71,,20200825,,,蚂蚁花呗 信用卡,,还信用卡,,
936,lxnkf54X,,理财通 稳定理财,3024.11,,20200814,,,工商银行 投资资金池 天天基金,,内部转账,,
937,lxnkf54X,,农业银行 工资卡 6675,7004.27,,20200812,,,支付宝 韩梦成呀,,内部转账,,
938,lxnkf54X,,支付宝 韩梦成呀,1994.0,,20200803,,,农业银行 C位出道 3118,,还信用卡,,
939,lxnkf54X,,支付宝 韩梦成呀,1880.0,,20200729,,,京东白条 信用卡,,还信用卡,,
940,lxnkf54X,,理财通 韩梦成,3347.61,,20200727,,,工商银行 投资资金池 天天基金,,投资回收,,
941,lxnkf54X,,东财股票 韩梦成,21000.0,,20200723,,,工商银行 投资资金池 东方财富 0282,,投资回收,,
942,lxnkf54X,,东财股票 韩梦成,1601.7,,20200720,,,工商银行 投资资金池 东方财富 0282,,投资回收,,
943,lxnkf54X,,支付宝 韩梦成呀,648.13,,20200720,,,蚂蚁花呗 信用卡,,还信用卡,,
944,lxnkf54X,,东财基金 韩梦成,2007.45,,20200720,,,工商银行 投资资金池 东方财富 0282,,投资回收,,
945,lxnkf54X,,工商银行 投资资金池 东方财富 0282,300.0,,20200716,,,天天基金 韩梦成,,投资,,
946,lxnkf54X,,工商银行 投资资金池 东方财富 0282,300.0,,20200716,,,天天基金 韩梦成,,投资,,
947,lxnkf54X,,工商银行 投资资金池 东方财富 0282,200.0,,20200716,,,天天基金 韩梦成,,投资,,
948,lxnkf54X,,我的应收 ,7.5,,20200715,,,微信钱包 HAN-MC,,收债,,打车AA
949,lxnkf54X,,工商银行 投资资金池 东方财富 0282,1376.0,,20200714,,,东财股票 韩梦成,,投资,,
950,lxnkf54X,,理财通 稳定理财,1001.52,,20200713,,,工商银行 投资资金池 东方财富 0282,,内部转账,,
951,lxnkf54X,,我的应收 ,50.0,,20200712,,,微信钱包 HAN-MC,,收债,,
952,lxnkf54X,,农业银行 工资卡 6675,4000.0,,20200710,,,支付宝 韩梦成呀,,内部转账,,
953,lxnkf54X,,农业银行 工资卡 6675,3954.76,,20200710,,,工商银行 投资资金池 东方财富 0282,,内部转账,,
954,lxnkf54X,,理财通 稳定理财,1002.62,,20200710,,,工商银行 投资资金池 东方财富 0282,,内部转账,,
955,lxnkf54X,,支付宝 韩梦成呀,3000.0,,20200708,,,工商银行 投资资金池 东方财富 0282,,内部转账,,
956,lxnkf54X,,支付宝 韩梦成呀,5000.0,,20200708,,,工商银行 投资资金池 东方财富 0282,,内部转账,,
957,lxnkf54X,,支付宝 韩梦成呀,1340.0,,20200704,,,农业银行 C位出道 3118,,还信用卡,,
958,lxnkf54X,,我的应收 ,70.0,,20200630,,,微信钱包 HAN-MC,,收债,,aa 
959,lxnkf54X,,支付宝 韩梦成呀,142.0,,20200629,,,农业银行 工资卡 6675,,内部转账,,
960,lxnkf54X,,支付宝 韩梦成呀,1949.0,,20200629,,,农业银行 工资卡 6675,,内部转账,,
961,lxnkf54X,,农业银行 工资卡 6675,1949.79,,20200629,,,我的应付 ,,还债,,京东白条
962,lxnkf54X,,支付宝 韩梦成呀,2408.56,,20200620,,,蚂蚁花呗 储蓄卡,,内部转账,,
963,lxnkf54X,,支付宝 韩梦成呀,300.0,,20200616,,,微信钱包 HAN-MC,,内部转账,,
964,lxnkf54X,,农业银行 工资卡 6675,3000.0,,20200614,,,理财通 稳定理财,,内部转账,,
965,lxnkf54X,,农业银行 工资卡 6675,6200.0,,20200611,,,支付宝 韩梦成呀,,内部转账,,
966,lxnkf54X,,农业银行 工资卡 6675,1000.0,,20200611,,,理财通 稳定理财,,内部转账,,
967,lxnkf54X,,我的应收 ,9.0,,20200607,,,微信钱包 HAN-MC,,收债,,
968,lxnkf54X,,工商银行 投资资金池 东方财富 0282,3000.0,,20200529,,,农业银行 工资卡 6675,,内部转账,,
969,lxnkf54X,,农业银行 工资卡 6675,1279.99,,20200529,,,京东白条 储蓄卡,,内部转账,,还白条
970,lxnkf54X,,我的应收 ,84.0,,20200524,,,蚂蚁花呗 储蓄卡,,收债,,聚餐AA
971,lxnkf54X,,工商银行 投资资金池 东方财富 0282,6989.62,,20200520,,,蚂蚁花呗 储蓄卡,,内部转账,,
972,lxnkf54X,,农业银行 C位出道 3118,58.5,,20200515,,,现金钱包 小钱包,,取现,,
973,lxnkf54X,,农业银行 工资卡 6675,100.0,,20200514,,,公交卡 Apple Watch上海交通卡,,内部转账,,
974,lxnkf54X,,农业银行 工资卡 6675,6000.0,,20200512,,,支付宝 韩梦成呀,,内部转账,,
975,lxnkf54X,,农业银行 工资卡 6675,4000.0,,20200511,,,理财通 稳定理财,,内部转账,,
976,lxnkf54X,,工商银行 投资资金池 东方财富 0282,50.0,,20200509,,,公交卡 Apple Watch上海交通卡,,内部转账,,
977,lxnkf54X,,微信钱包 HAN-MC,50.0,,20200509,,,工商银行 投资资金池 东方财富 0282,,内部转账,,
978,lxnkf54X,,我的应收 ,28.5,,20200507,,,蚂蚁花呗 储蓄卡,,收债,,
979,lxnkf54X,,我的应收 ,508.5,,20200501,,,微信钱包 HAN-MC,,收债,,聚餐AA收款
980,lxnkf54X,,我的应收 ,520.0,,20200428,,,蚂蚁花呗 储蓄卡,,收债,,家具AA收款
981,lxnkf54X,,工商银行 投资资金池 东方财富 0282,20.0,,20200423,,,公交卡 Apple Watch上海交通卡,,内部转账,,
982,lxnkf54X,,工商银行 投资资金池 东方财富 0282,10.0,,20200423,,,公交卡 Apple Watch上海交通卡,,内部转账,,交通卡充值
983,lxnkf54X,,微信钱包 HAN-MC,50.0,,20200423,,,工商银行 投资资金池 东方财富 0282,,内部转账,,
984,lxnkf54X,,我的应收 ,275.0,,20200421,,,微信钱包 HAN-MC,,收债,,聚餐收款
985,lxnkf54X,,支付宝 韩梦成呀,7913.0,,20200420,,,蚂蚁花呗 储蓄卡,,内部转账,,蚂蚁花呗还款
986,lxnkf54X,,支付宝 韩梦成呀,1170.58,,20200320,,,蚂蚁花呗 储蓄卡,,内部转账,,
